filename,width,height,class,xmin,ymin,xmax,ymax
Crabgrass_64.jpg,256,256,Gulma teki-tekian,11,1,256,244
IMG20250119165741.jpg,4080,3072,Gulma daun lebar,1715,2056,1911,2285
IMG20250119165917.jpg,4080,3072,Gulma daun sempit,1066,1783,1337,2111
agri_0_4383.jpeg,512,512,Gulma daun lebar,401,38,455,71
agri_0_4002.jpeg,512,512,Gulma daun lebar,231,1,254,25
IMG20250119165917.jpg,4080,3072,Gulma daun sempit,2009,2,2228,345
Goosegrass_61.jpg,256,256,Gulma teki-tekian,5,1,256,256
agri_0_3328.jpeg,512,512,Gulma daun lebar,373,66,512,152
IMG20250119170744.jpg,4080,3072,Gulma daun sempit,2132,16,3894,692
agri_0_2927.jpeg,512,512,Gulma daun lebar,1,31,193,191
agri_0_4301.jpeg,512,512,Gulma daun lebar,103,215,162,263
agri_0_3061.jpeg,512,512,Gulma daun lebar,364,366,395,397
agri_0_3720.jpeg,512,512,Gulma daun lebar,34,1,97,32
IMG20250119170553.jpg,3072,4080,Gulma daun lebar,377,2695,743,3134
Crabgrass_73.jpg,256,256,Gulma teki-tekian,1,1,246,256
IMG20250119170509.jpg,3072,4080,Gulma daun lebar,239,2045,1100,2749
agri_0_4009.jpeg,512,512,Gulma daun sempit,1,175,97,218
IMG20250119170000.jpg,4080,3072,Gulma daun lebar,3156,1216,3403,1621
IMG20250119170525.jpg,4080,3072,Gulma daun lebar,3567,877,4080,1526
agri_0_3607.jpeg,512,512,Gulma daun lebar,260,107,400,402
IMG20250119170306.jpg,3072,4080,Gulma daun lebar,77,87,597,976
IMG20250119170629.jpg,4080,3072,Gulma daun lebar,894,797,1228,1021
IMG20250119170727.jpg,4080,3072,Gulma daun sempit,2428,11,3323,521
agri_0_4301.jpeg,512,512,Gulma daun lebar,150,39,214,136
IMG20250119170028.jpg,4080,3072,Gulma daun sempit,2490,2249,3704,3072
agri_0_3439.jpeg,512,512,Gulma daun lebar,107,251,169,297
IMG20250119170827.jpg,4080,3072,Gulma daun lebar,18,1183,2285,2997
IMG20250119170359.jpg,3072,4080,Gulma teki-tekian,370,1990,3072,3527
IMG20250119170803.jpg,3072,4080,Gulma daun sempit,2800,91,3070,407
agri_0_3603.jpeg,512,512,Gulma daun lebar,77,16,391,381
agri_0_3439.jpeg,512,512,Gulma daun lebar,190,112,259,175
Goosegrass_40.jpg,256,256,Gulma teki-tekian,1,1,256,256
IMG20250119170749.jpg,3072,4080,Gulma daun sempit,607,477,1063,702
IMG20250119170609.jpg,3072,4080,Gulma daun lebar,1,1219,635,2685
Goosegrass_7.jpg,256,256,Gulma teki-tekian,1,1,256,256
IMG20250119170640.jpg,3072,4080,Gulma daun lebar,895,71,1245,477
IMG20250119170817.jpg,4080,3072,Gulma daun lebar,9,1940,1771,2987
agri_0_3061.jpeg,512,512,Gulma daun lebar,137,174,162,191
IMG20250119170205.jpg,3072,4080,Gulma daun lebar,2760,3107,3063,3780
IMG20250119165052.jpg,4080,3072,Gulma teki-tekian,1186,2832,1370,3061
agri_0_4964.jpeg,512,512,Gulma daun sempit,24,465,81,512
Crabgrass_84.jpg,256,256,Gulma teki-tekian,1,5,256,249
agri_0_2971.jpeg,512,512,Gulma daun lebar,31,456,74,479
agri_0_4479.jpeg,512,512,Gulma daun lebar,20,143,493,383
IMG20250119170722.jpg,4080,3072,Gulma daun sempit,1766,1,3028,669
IMG20250119170749.jpg,3072,4080,Gulma daun sempit,974,1421,1938,2174
agri_0_3720.jpeg,512,512,Gulma daun lebar,173,100,204,119
IMG20250119170351.jpg,3072,4080,Gulma daun lebar,781,1218,1027,1361
IMG20250119170040.jpg,3072,4080,Gulma daun sempit,2479,3493,2632,3627
agri_0_2901.jpeg,512,512,Gulma daun sempit,20,264,76,310
agri_0_3900.jpeg,512,512,Gulma daun sempit,17,58,383,270
IMG20250119170231.jpg,3072,4080,Gulma daun lebar,1839,1446,2270,1734
IMG20250119170251.jpg,4080,3072,Gulma daun sempit,3623,7,4032,740
17.png,96,96,Gulma daun sempit,1,1,96,96
agri_0_3647.jpeg,512,512,Gulma daun lebar,214,208,319,302
IMG20250119170828.jpg,4080,3072,Gulma daun sempit,9,2,4080,3072
agri_0_4479.jpeg,512,512,Gulma daun lebar,80,1,158,46
IMG20250119170640.jpg,3072,4080,Gulma daun lebar,2227,3930,2500,4080
IMG20250119170300.jpg,4080,3072,Gulma daun lebar,4,1564,304,2016
agri_0_3331.jpeg,512,512,Gulma daun lebar,87,107,468,470
agri_0_3943.jpeg,512,512,Gulma daun lebar,435,475,512,512
agri_0_3284.jpeg,512,512,Gulma daun lebar,1,29,475,512
Goosegrass_14.jpg,256,256,Gulma teki-tekian,1,47,232,235
IMG20250119170323.jpg,4080,3072,Gulma daun lebar,2493,2419,2809,2677
IMG20250119170640.jpg,3072,4080,Gulma daun lebar,2393,3341,2689,3649
agri_0_3746.jpeg,512,512,Gulma daun lebar,93,104,495,471
IMG20250119164829.jpg,3072,4080,Gulma daun lebar,2438,3941,2549,4066
agri_0_3075.jpeg,512,512,Gulma daun lebar,5,2,495,512
IMG20250119170351.jpg,3072,4080,Gulma teki-tekian,2220,995,2374,1195
IMG20250119170134.jpg,4080,3072,Gulma daun lebar,2373,2556,2583,2636
IMG20250119165951.jpg,4080,3072,Gulma daun sempit,23,26,4037,2026
IMG20250119164711.jpg,3072,4080,Gulma teki-tekian,8,2664,150,3718
Crabgrass_82.jpg,256,256,Gulma teki-tekian,1,1,256,256
agri_0_4002.jpeg,512,512,Gulma daun lebar,81,267,118,315
agri_0_2971.jpeg,512,512,Gulma daun lebar,24,268,70,322
agri_0_4055.jpeg,512,512,Gulma daun lebar,145,73,398,424
IMG20250119170359.jpg,3072,4080,Gulma daun lebar,1320,859,2477,1646
agri_0_2835.jpeg,512,512,Gulma daun lebar,376,485,451,512
IMG20250119164510.jpg,3072,4080,Gulma daun lebar,220,2637,404,2887
Crabgrass_1.jpg,256,256,Gulma teki-tekian,6,4,249,256
IMG20250119170511.jpg,3072,4080,Gulma daun lebar,877,3,1777,487
190.png,440,440,Gulma daun sempit,1,1,426,440
IMG20250119170727.jpg,4080,3072,Gulma daun lebar,2457,2068,2967,2823
agri_0_3842.jpeg,512,512,Gulma daun lebar,132,146,416,289
IMG20250119170141.jpg,4080,3072,Gulma daun lebar,918,2410,1251,3072
Crabgrass_76.jpg,256,256,Gulma teki-tekian,1,1,256,256
agri_0_3439.jpeg,512,512,Gulma daun lebar,72,298,132,336
47.png,297,297,Gulma daun sempit,1,86,297,208
IMG20250119170518.jpg,3072,4080,Gulma daun lebar,8,715,1927,3846
Goosegrass_87.jpg,256,256,Gulma teki-tekian,11,5,248,252
IMG20250119170511.jpg,3072,4080,Gulma daun lebar,1360,827,1516,1010
agri_0_6469.jpeg,512,512,Gulma daun sempit,1,79,62,190
IMG20250119170511.jpg,3072,4080,Gulma daun lebar,1630,2032,3057,3216
Goosegrass_20.jpg,256,256,Gulma teki-tekian,1,40,256,243
IMG20250119170709.jpg,3072,4080,Gulma daun sempit,808,2511,1043,2822
agri_0_3152.jpeg,512,512,Gulma daun lebar,1,203,52,277
IMG20250119164410.jpg,4080,3072,Gulma teki-tekian,4,2035,885,2878
IMG20250119165949.jpg,4080,3072,Gulma daun lebar,3818,1078,4080,1473
agri_0_3995.jpeg,512,512,Gulma daun lebar,303,470,439,512
IMG20250119170340.jpg,3072,4080,Gulma daun lebar,1989,1672,2204,1887
IMG20250119170402.jpg,3072,4080,Gulma teki-tekian,20,284,445,2152
agri_0_4028.jpeg,512,512,Gulma daun lebar,1,111,379,380
IMG20250119170040.jpg,3072,4080,Gulma daun sempit,674,3338,913,3516
Goosegrass_92.jpg,256,256,Gulma teki-tekian,1,11,256,246
agri_0_3796.jpeg,512,512,Gulma daun sempit,111,110,193,263
IMG20250119170833.jpg,4080,3072,Gulma daun sempit,1573,297,1783,623
IMG20250119170040.jpg,3072,4080,Gulma daun sempit,554,807,1162,1276
IMG20250119170511.jpg,3072,4080,Gulma daun lebar,763,521,899,735
agri_0_3995.jpeg,512,512,Gulma daun lebar,130,413,262,512
IMG20250119170511.jpg,3072,4080,Gulma daun lebar,605,846,705,980
IMG20250119170749.jpg,3072,4080,Gulma daun sempit,454,1057,696,1327
agri_0_4122.jpeg,512,512,Gulma daun sempit,8,19,166,140
IMG20250119170034.jpg,3072,4080,Gulma daun lebar,132,3455,366,3588
Crabgrass_23.jpg,256,256,Gulma teki-tekian,9,5,256,233
IMG20250119170744.jpg,4080,3072,Gulma daun sempit,299,21,642,249
Crabgrass_54.jpg,256,256,Gulma teki-tekian,1,1,256,256
IMG20250119170310.jpg,4080,3072,Gulma daun lebar,28,2,3932,1088
Goosegrass_60.jpg,256,256,Gulma teki-tekian,1,1,244,252
agri_0_3228.jpeg,512,512,Gulma daun lebar,62,166,414,463
agri_0_2997.jpeg,512,512,Gulma daun lebar,1,1,511,511
IMG20250119165043.jpg,4080,3072,Gulma daun lebar,2132,2530,2461,2964
agri_0_3203.jpeg,512,512,Gulma daun lebar,1,1,54,72
IMG20250119170036.jpg,3072,4080,Gulma daun lebar,8,26,550,741
IMG20250119170613.jpg,4080,3072,Gulma daun lebar,1083,26,2873,1032
agri_0_4355.jpeg,512,512,Gulma daun sempit,179,41,204,66
IMG20250119165030.jpg,4080,3072,Gulma daun lebar,2694,2702,2899,2973
agri_0_4301.jpeg,512,512,Gulma daun lebar,1,1,28,27
IMG20250119170020.jpg,4080,3072,Gulma daun sempit,3185,2711,3466,2969
IMG20250119170025.jpg,3072,4080,Gulma daun lebar,1754,2695,2031,2845
agri_0_4455.jpeg,512,512,Gulma daun lebar,261,109,403,408
IMG20250119165937.jpg,4080,3072,Gulma daun lebar,205,2058,686,2303
197.png,940,940,Gulma daun sempit,149,1,785,940
IMG20250119170541.jpg,4080,3072,Gulma daun sempit,2351,421,3009,1030
IMG20250119170742.jpg,4080,3072,Gulma daun sempit,1585,1011,3342,2249
agri_0_3346.jpeg,512,512,Gulma daun lebar,3,115,468,401
Goosegrass_9.jpg,256,256,Gulma teki-tekian,44,22,226,252
agri_0_3045.jpeg,512,512,Gulma daun lebar,51,60,455,377
agri_0_3061.jpeg,512,512,Gulma daun lebar,276,79,309,108
IMG20250119170831.jpg,4080,3072,Gulma daun sempit,3783,2358,4080,3072
agri_0_3328.jpeg,512,512,Gulma daun lebar,240,1,452,35
165.png,447,447,Gulma daun sempit,1,116,447,344
IMG20250119170018.jpg,4080,3072,Gulma daun sempit,1654,2739,1844,2926
IMG20250119170052.jpg,3072,4080,Gulma daun lebar,2212,699,2354,995
IMG20250119170749.jpg,3072,4080,Gulma daun sempit,863,832,1243,1260
Crabgrass_78.jpg,256,256,Gulma teki-tekian,27,29,239,256
agri_0_4499.jpeg,512,512,Gulma daun lebar,38,1,447,494
agri_0_4226.jpeg,512,512,Gulma daun lebar,220,298,512,512
IMG20250119170803.jpg,3072,4080,Gulma daun sempit,35,911,1224,1803
agri_0_2927.jpeg,512,512,Gulma daun lebar,1,225,69,271
49-2.png,1040,936,Gulma daun sempit,6,124,1040,936
Goosegrass_81.jpg,256,256,Gulma teki-tekian,4,2,256,251
agri_0_3943.jpeg,512,512,Gulma daun lebar,90,173,330,466
IMG20250119170340.jpg,3072,4080,Gulma teki-tekian,512,18,1908,1007
agri_0_2835.jpeg,512,512,Gulma daun lebar,75,408,107,436
IMG20250119170553.jpg,3072,4080,Gulma daun lebar,327,1657,793,2011
agri_0_4301.jpeg,512,512,Gulma daun lebar,166,207,224,302
IMG20250119170525.jpg,4080,3072,Gulma daun sempit,3802,2297,4080,2674
IMG20250119170749.jpg,3072,4080,Gulma daun sempit,132,474,518,1005
118.png,292,292,Gulma daun sempit,24,1,261,291
agri_0_3577.jpeg,512,512,Gulma daun lebar,1,116,85,356
IMG20250119165955.jpg,4080,3072,Gulma daun lebar,1847,1790,2047,2094
agri_0_3061.jpeg,512,512,Gulma daun lebar,350,245,383,270
IMG20250119170300.jpg,4080,3072,Gulma daun lebar,3342,792,4080,1526
agri_0_3604.jpeg,512,512,Gulma daun lebar,59,20,512,373
IMG20250119170109.jpg,3072,4080,Gulma daun sempit,1114,121,2027,1752
agri_0_3983.jpeg,512,512,Gulma daun lebar,225,51,331,141
IMG20250119170300.jpg,4080,3072,Gulma daun sempit,3451,1545,3890,1873
140.png,212,212,Gulma daun sempit,3,22,95,212
IMG20250119165750_BURST001_COVER.jpg,4080,3072,Gulma daun lebar,1228,1430,1537,1630
agri_0_2901.jpeg,512,512,Gulma daun sempit,187,121,238,259
agri_0_3669.jpeg,512,512,Gulma daun lebar,245,420,383,512
agri_0_4301.jpeg,512,512,Gulma daun lebar,221,162,262,221
agri_0_4388.jpeg,512,512,Gulma daun lebar,1,1,97,236
agri_0_2915.jpeg,512,512,Gulma daun lebar,1,58,89,280
IMG20250119170306.jpg,3072,4080,Gulma daun lebar,2189,1899,2904,2476
agri_0_4017.jpeg,512,512,Gulma daun lebar,36,111,512,474
IMG20250119164518.jpg,3072,4080,Gulma daun lebar,505,1968,716,2180
IMG20250119170018.jpg,4080,3072,Gulma daun lebar,1966,1588,2837,2721
agri_0_3226.jpeg,512,512,Gulma daun lebar,138,171,384,383
agri_0_3949.jpeg,512,512,Gulma daun lebar,59,127,467,350
Crabgrass_86.jpg,256,256,Gulma teki-tekian,1,1,256,256
agri_0_2835.jpeg,512,512,Gulma daun lebar,301,477,335,501
IMG20250119165736.jpg,4080,3072,Gulma daun lebar,334,2526,622,2890
IMG20250119170548.jpg,3072,4080,Gulma daun lebar,20,3271,1483,4080
agri_0_3233.jpeg,512,512,Gulma daun lebar,169,56,310,103
76.png,906,906,Gulma daun sempit,5,309,349,825
agri_0_3328.jpeg,512,512,Gulma daun lebar,1,59,79,213
192.png,836,836,Gulma daun sempit,263,1,561,836
16.png,251,251,Gulma daun sempit,1,35,251,207
agri_0_3720.jpeg,512,512,Gulma daun lebar,433,192,511,246
88.png,181,181,Gulma daun sempit,2,3,180,175
IMG20250119170817.jpg,4080,3072,Gulma daun sempit,18,1421,1737,1883
IMG20250119170020.jpg,4080,3072,Gulma daun sempit,786,1481,1018,1639
IMG20250119165747.jpg,4080,3072,Gulma daun lebar,94,1521,251,1797
IMG20250119170340.jpg,3072,4080,Gulma daun lebar,2027,184,2366,726
agri_0_3858.jpeg,512,512,Gulma daun lebar,100,138,399,372
agri_0_2835.jpeg,512,512,Gulma daun lebar,301,160,338,200
IMG20250119165917.jpg,4080,3072,Gulma daun sempit,2913,1135,3151,1511
agri_0_4002.jpeg,512,512,Gulma daun lebar,327,351,366,512
agri_0_4214.jpeg,512,512,Gulma daun lebar,157,187,321,373
agri_0_3993.jpeg,512,512,Gulma daun lebar,41,93,438,418
agri_0_3247.jpeg,512,512,Gulma daun lebar,200,309,317,409
IMG20250119170548.jpg,3072,4080,Gulma daun lebar,339,2527,1389,3234
IMG20250119170819.jpg,4080,3072,Gulma daun sempit,9,7,4080,3040
IMG20250119170231.jpg,3072,4080,Gulma teki-tekian,1470,740,2558,1284
Crabgrass_33.jpg,256,256,Gulma teki-tekian,63,38,204,228
agri_0_4449.jpeg,512,512,Gulma daun lebar,1,40,414,463
agri_0_6523.jpeg,512,512,Gulma daun sempit,154,125,397,425
agri_0_2971.jpeg,512,512,Gulma daun lebar,280,183,299,202
IMG20250119170040.jpg,3072,4080,Gulma daun sempit,2843,1557,3047,1826
agri_0_3152.jpeg,512,512,Gulma daun lebar,48,62,512,299
agri_0_3666.jpeg,512,512,Gulma daun lebar,106,105,409,392
IMG20250119170742.jpg,4080,3072,Gulma daun sempit,732,2316,1785,3072
agri_0_4335.jpeg,512,512,Gulma daun lebar,1,77,111,190
agri_0_3136.jpeg,512,512,Gulma daun lebar,149,149,399,365
agri_0_3613.jpeg,512,512,Gulma daun lebar,116,115,390,271
agri_0_3394.jpeg,512,512,Gulma daun lebar,82,10,431,399
IMG20250119170141.jpg,4080,3072,Gulma daun lebar,3624,2832,3876,3069
agri_0_2835.jpeg,512,512,Gulma daun lebar,327,224,355,249
IMG20250119165917.jpg,4080,3072,Gulma daun sempit,1609,783,2732,1330
IMG20250119170020.jpg,4080,3072,Gulma daun sempit,896,1694,1112,2010
IMG20250119170018.jpg,4080,3072,Gulma daun sempit,3742,335,4070,649
IMG20250119170801.jpg,3072,4080,Gulma daun sempit,2450,930,2758,1268
agri_0_3081.jpeg,512,512,Gulma daun lebar,118,31,201,94
agri_0_4300.jpeg,512,512,Gulma teki-tekian,60,182,459,496
agri_0_3720.jpeg,512,512,Gulma daun lebar,199,249,245,280
IMG20250119170240.jpg,3072,4080,Gulma daun sempit,102,102,3027,571
IMG20250119170351.jpg,3072,4080,Gulma daun sempit,12,1,585,387
agri_0_3423.jpeg,512,512,Gulma daun lebar,129,121,481,440
IMG20250119170010.jpg,4080,3072,Gulma daun lebar,1164,1068,2086,1774
57.png,524,524,Gulma daun sempit,219,450,446,524
IMG20250119170833.jpg,4080,3072,Gulma daun sempit,5,2355,476,3072
agri_0_4085.jpeg,512,512,Gulma daun sempit,9,2,77,73
agri_0_3289.jpeg,512,512,Gulma daun sempit,114,248,186,402
IMG20250119170331.jpg,4080,3072,Gulma daun sempit,9,1340,3051,3021
agri_0_2901.jpeg,512,512,Gulma daun sempit,94,239,204,332
71.png,524,524,Gulma daun sempit,1,147,524,524
IMG20250119170034.jpg,3072,4080,Gulma daun sempit,1,2615,200,3087
IMG20250119165955.jpg,4080,3072,Gulma daun lebar,1589,2352,2009,2677
IMG20250119170020.jpg,4080,3072,Gulma daun sempit,2609,1402,3437,2483
IMG20250119170300.jpg,4080,3072,Gulma daun lebar,970,383,2075,1107
Crabgrass_65.jpg,256,256,Gulma teki-tekian,1,1,256,252
agri_0_4519.jpeg,512,512,Gulma daun lebar,1,4,503,485
IMG20250119170833.jpg,4080,3072,Gulma daun sempit,1125,2684,1751,3072
agri_0_4125.jpeg,512,512,Gulma daun lebar,45,59,487,390
agri_0_4122.jpeg,512,512,Gulma daun sempit,1,235,495,505
109.png,170,170,Gulma daun sempit,1,40,169,127
IMG20250119170036.jpg,3072,4080,Gulma daun sempit,43,811,485,1176
agri_0_3061.jpeg,512,512,Gulma daun lebar,1,409,34,433
agri_0_3075.jpeg,512,512,Gulma daun lebar,1,90,49,304
IMG20250119170040.jpg,3072,4080,Gulma daun sempit,231,3230,462,3411
agri_0_4122.jpeg,512,512,Gulma daun sempit,116,142,437,237
6.png,137,137,Gulma daun sempit,1,14,130,110
agri_0_3203.jpeg,512,512,Gulma daun lebar,193,56,438,457
Crabgrass_57.jpg,256,256,Gulma teki-tekian,6,3,256,256
agri_0_4355.jpeg,512,512,Gulma daun sempit,343,445,403,497
Crabgrass_8.jpg,256,256,Gulma teki-tekian,1,1,256,256
agri_0_4127.jpeg,512,512,Gulma daun lebar,3,42,507,407
agri_0_4209.jpeg,512,512,Gulma daun lebar,18,59,496,479
Crabgrass_34.jpg,256,256,Gulma teki-tekian,1,1,256,256
agri_0_4984.jpeg,512,512,Gulma daun sempit,138,102,427,353
91.png,289,289,Gulma daun sempit,84,1,210,289
IMG20250119170831.jpg,4080,3072,Gulma daun sempit,2938,1726,3754,2771
agri_0_3944.jpeg,512,512,Gulma daun lebar,200,1,269,63
IMG20250119170028.jpg,4080,3072,Gulma daun lebar,2175,2235,2337,2511
agri_0_2835.jpeg,512,512,Gulma daun lebar,396,456,441,480
IMG20250119170603.jpg,4080,3072,Gulma teki-tekian,3728,2521,4066,3035
Goosegrass_80.jpg,256,256,Gulma teki-tekian,53,51,208,251
agri_0_3514.jpeg,512,512,Gulma daun lebar,1,100,151,242
23.png,217,217,Gulma daun sempit,34,73,217,135
IMG20250119170709.jpg,3072,4080,Gulma daun sempit,1216,1887,1689,2314
agri_0_4355.jpeg,512,512,Gulma daun lebar,97,252,151,298
89.png,201,201,Gulma daun sempit,42,2,173,201
agri_0_3564.jpeg,512,512,Gulma daun lebar,81,67,431,357
IMG20250119170025.jpg,3072,4080,Gulma daun sempit,2177,1803,3072,4080
agri_0_3746.jpeg,512,512,Gulma daun lebar,1,11,243,122
IMG20250119170010.jpg,4080,3072,Gulma daun sempit,104,36,613,1564
IMG20250119170831.jpg,4080,3072,Gulma daun sempit,70,2506,396,2842
IMG20250119165927.jpg,4080,3072,Gulma daun lebar,1766,2107,2099,2597
agri_0_3690.jpeg,512,512,Gulma daun sempit,150,227,336,302
IMG20250119170340.jpg,3072,4080,Gulma teki-tekian,389,2207,1700,4080
agri_0_2835.jpeg,512,512,Gulma daun lebar,443,28,505,92
agri_0_3439.jpeg,512,512,Gulma daun lebar,59,423,121,454
agri_0_4064.jpeg,512,512,Gulma daun lebar,2,5,455,475
IMG20250119170548.jpg,3072,4080,Gulma daun lebar,1764,40,2408,865
IMG20250119165930.jpg,4080,3072,Gulma daun sempit,18,16,4055,1659
IMG20250119170351.jpg,3072,4080,Gulma teki-tekian,1208,237,2174,1030
agri_0_4273.jpeg,512,512,Gulma daun sempit,111,138,420,376
agri_0_4526.jpeg,512,512,Gulma daun lebar,69,89,483,422
IMG20250119170806.jpg,4080,3072,Gulma daun sempit,1,2,4061,2940
agri_0_6469.jpeg,512,512,Gulma daun sempit,369,22,512,126
72.png,740,740,Gulma daun sempit,2,37,740,641
IMG20250119170109.jpg,3072,4080,Gulma daun sempit,2145,1259,2277,1602
Goosegrass_93.jpg,256,256,Gulma teki-tekian,1,1,256,256
Goosegrass_46.jpg,256,256,Gulma teki-tekian,1,2,256,256
Crabgrass_30.jpg,256,256,Gulma teki-tekian,29,15,256,256
agri_0_4218.jpeg,512,512,Gulma daun lebar,73,43,469,377
agri_0_3081.jpeg,512,512,Gulma daun lebar,88,1,155,11
IMG20250119170801.jpg,3072,4080,Gulma daun sempit,2174,1,2628,261
IMG20250119170742.jpg,4080,3072,Gulma daun sempit,3709,69,4080,578
199.png,274,274,Gulma daun sempit,10,1,119,113
151.png,638,638,Gulma daun sempit,226,13,416,638
IMG20250119170749.jpg,3072,4080,Gulma daun sempit,2449,2168,3057,3135
60.png,351,351,Gulma daun sempit,43,1,224,101
Crabgrass_3.jpg,256,256,Gulma teki-tekian,9,1,243,256
IMG20250119164510.jpg,3072,4080,Gulma teki-tekian,27,2871,177,3684
Crabgrass_35.jpg,256,256,Gulma teki-tekian,1,1,256,256
IMG20250119170709.jpg,3072,4080,Gulma daun sempit,516,2980,1712,3572
IMG20250119170040.jpg,3072,4080,Gulma daun sempit,181,3603,862,4072
98.png,371,371,Gulma daun sempit,61,156,371,191
agri_0_3074.jpeg,512,512,Gulma daun lebar,1,4,512,512
IMG20250119170742.jpg,4080,3072,Gulma daun sempit,2394,683,2837,988
agri_0_4479.jpeg,512,512,Gulma daun lebar,1,324,166,512
agri_0_3260.jpeg,512,512,Gulma daun lebar,31,136,420,325
agri_0_4028.jpeg,512,512,Gulma daun lebar,31,335,512,511
agri_0_4383.jpeg,512,512,Gulma daun lebar,148,353,183,397
IMG20250119170738.jpg,4080,3072,Gulma daun lebar,2599,2242,3780,3072
Goosegrass_56.jpg,256,256,Gulma teki-tekian,1,25,226,249
IMG20250119170742.jpg,4080,3072,Gulma daun sempit,651,1988,866,2283
IMG20250119165937.jpg,4080,3072,Gulma daun lebar,1228,1742,1541,1958
agri_0_4488.jpeg,512,512,Gulma daun lebar,82,166,380,409
agri_0_3720.jpeg,512,512,Gulma daun lebar,149,287,187,318
agri_0_3412.jpeg,512,512,Gulma daun lebar,202,99,422,315
agri_0_3229.jpeg,512,512,Gulma daun lebar,351,41,511,166
IMG20250119165013.jpg,4080,3072,Gulma teki-tekian,31,2794,918,3056
IMG20250119170553.jpg,3072,4080,Gulma daun lebar,116,1191,843,1584
IMG20250119170613.jpg,4080,3072,Gulma daun lebar,157,1542,2025,2552
Crabgrass_89.jpg,256,256,Gulma teki-tekian,42,1,234,244
agri_0_4416.jpeg,512,512,Gulma daun lebar,1,1,512,477
IMG20250119170709.jpg,3072,4080,Gulma daun sempit,2808,3280,3072,3903
agri_0_4383.jpeg,512,512,Gulma daun lebar,90,218,134,256
agri_0_3229.jpeg,512,512,Gulma daun lebar,1,1,210,76
agri_0_4846.jpeg,512,512,Gulma daun sempit,73,8,434,335
agri_0_3160.jpeg,512,512,Gulma daun lebar,387,446,512,512
IMG20250119170132.jpg,4080,3072,Gulma daun lebar,3737,2502,4075,3048
IMG20250119170010.jpg,4080,3072,Gulma daun sempit,680,25,4080,1049
IMG20250119170546.jpg,3072,4080,Gulma daun sempit,597,637,827,1130
agri_0_2825.jpeg,512,512,Gulma daun sempit,414,236,476,269
112.png,751,751,Gulma daun sempit,358,277,751,402
agri_0_2835.jpeg,512,512,Gulma daun lebar,36,297,73,321
agri_0_4335.jpeg,512,512,Gulma daun lebar,1,215,162,333
agri_0_3022.jpeg,512,512,Gulma daun lebar,52,1,436,512
IMG20250119164804.jpg,4080,3072,Gulma teki-tekian,1002,3023,1247,3058
agri_0_4355.jpeg,512,512,Gulma daun sempit,423,173,459,198
agri_0_3008.jpeg,512,512,Gulma daun lebar,7,74,502,399
IMG20250119170722.jpg,4080,3072,Gulma teki-tekian,3051,16,3794,1178
69.png,271,271,Gulma daun sempit,26,1,271,271
agri_0_4002.jpeg,512,512,Gulma daun lebar,391,349,415,388
IMG20250119165940.jpg,4080,3072,Gulma daun sempit,24,17,4052,3041
IMG20250119170132.jpg,4080,3072,Gulma daun lebar,2431,1629,2689,1748
IMG20250119170310.jpg,4080,3072,Gulma daun lebar,2815,1229,3370,1555
IMG20250119170331.jpg,4080,3072,Gulma daun lebar,2551,7,4066,592
agri_0_4013.jpeg,512,512,Gulma daun lebar,1,1,132,118
70.png,1006,1005,Gulma daun sempit,91,656,1006,1002
IMG20250119170546.jpg,3072,4080,Gulma daun lebar,704,3137,3062,4068
agri_0_3995.jpeg,512,512,Gulma daun lebar,442,397,512,505
agri_0_2927.jpeg,512,512,Gulma daun lebar,221,359,512,511
agri_0_4416.jpeg,512,512,Gulma daun lebar,297,468,359,512
agri_0_3509.jpeg,512,512,Gulma daun lebar,119,98,507,512
agri_0_3213.jpeg,512,512,Gulma daun lebar,240,194,322,341
IMG20250119164804.jpg,4080,3072,Gulma teki-tekian,280,2869,675,3069
agri_0_3081.jpeg,512,512,Gulma daun lebar,359,387,452,504
IMG20250119165758.jpg,4080,3072,Gulma daun lebar,983,2616,1157,2926
Goosegrass_36.jpg,256,256,Gulma teki-tekian,50,27,236,204
IMG20250119170025.jpg,3072,4080,Gulma daun sempit,1147,2984,2135,4080
IMG20250119170709.jpg,3072,4080,Gulma daun sempit,39,3914,324,4080
agri_0_2835.jpeg,512,512,Gulma daun lebar,470,283,504,308
agri_0_3669.jpeg,512,512,Gulma daun lebar,1,133,52,211
agri_0_4029.jpeg,512,512,Gulma daun lebar,80,140,459,424
agri_0_3869.jpeg,512,512,Gulma daun lebar,113,172,404,373
agri_0_4167.jpeg,512,512,Gulma daun lebar,338,461,453,512
Goosegrass_66.jpg,256,256,Gulma teki-tekian,1,1,256,256
IMG20250119170609.jpg,3072,4080,Gulma daun sempit,770,1476,1497,2037
102.png,197,197,Gulma daun sempit,1,51,197,147
IMG20250119170020.jpg,4080,3072,Gulma daun lebar,902,658,1151,955
agri_0_3720.jpeg,512,512,Gulma daun lebar,315,45,370,138
agri_0_3200.jpeg,512,512,Gulma daun lebar,7,56,423,502
104.png,468,468,Gulma daun sempit,8,146,447,295
agri_0_2927.jpeg,512,512,Gulma daun lebar,65,208,112,243
agri_0_4002.jpeg,512,512,Gulma daun lebar,462,227,505,373
Goosegrass_51.jpg,256,256,Gulma teki-tekian,1,1,256,234
15.png,147,147,Gulma daun sempit,1,56,147,88
agri_0_4002.jpeg,512,512,Gulma daun lebar,262,36,280,65
agri_0_2971.jpeg,512,512,Gulma daun lebar,273,235,311,259
67.png,368,368,Gulma daun sempit,1,77,368,368
IMG20250119170553.jpg,3072,4080,Gulma daun lebar,2266,791,2466,1003
IMG20250119170742.jpg,4080,3072,Gulma daun sempit,413,26,1366,1359
IMG20250119170738.jpg,4080,3072,Gulma teki-tekian,2134,2161,2383,2652
IMG20250119170659.jpg,4080,3072,Gulma daun lebar,151,2,4080,3026
Crabgrass_52.jpg,256,256,Gulma teki-tekian,1,1,256,256
IMG20250119170025.jpg,3072,4080,Gulma daun sempit,1435,14,3072,1737
IMG20250119170141.jpg,4080,3072,Gulma daun lebar,3793,2439,4064,2839
IMG20250119170654.jpg,3072,4080,Gulma daun sempit,108,2234,939,2746
agri_0_4073.jpeg,512,512,Gulma daun lebar,9,126,433,411
IMG20250119170553.jpg,3072,4080,Gulma daun lebar,347,3430,781,4080
IMG20250119170831.jpg,4080,3072,Gulma daun sempit,2599,211,2956,645
agri_0_4355.jpeg,512,512,Gulma daun sempit,10,6,44,38
IMG20250119165927.jpg,4080,3072,Gulma daun sempit,2156,1669,4056,2259
IMG20250119170716.jpg,4080,3072,Gulma teki-tekian,3461,2045,4080,3072
agri_0_3414.jpeg,512,512,Gulma daun lebar,43,1,466,512
agri_0_3160.jpeg,512,512,Gulma daun lebar,1,153,150,336
agri_0_3679.jpeg,512,512,Gulma daun lebar,107,106,407,383
agri_0_3186.jpeg,512,512,Gulma daun sempit,1,324,102,512
IMG20250119164518.jpg,3072,4080,Gulma daun lebar,435,1784,550,1895
IMG20250119170040.jpg,3072,4080,Gulma daun lebar,947,2707,1327,3095
IMG20250119164410.jpg,4080,3072,Gulma teki-tekian,3366,2430,4066,3035
IMG20250119170105.jpg,3072,4080,Gulma daun lebar,52,602,2220,3896
agri_0_3577.jpeg,512,512,Gulma daun lebar,93,180,468,369
agri_0_4009.jpeg,512,512,Gulma daun sempit,80,156,373,412
agri_0_4116.jpeg,512,512,Gulma daun lebar,59,447,413,512
agri_0_3379.jpeg,512,512,Gulma daun lebar,59,118,428,375
Crabgrass_26.jpg,256,256,Gulma teki-tekian,57,1,225,256
Goosegrass_74.jpg,256,256,Gulma teki-tekian,1,1,256,255
IMG20250119170331.jpg,4080,3072,Gulma daun lebar,3564,2045,3947,2494
IMG20250119164510.jpg,3072,4080,Gulma daun lebar,4,1,247,607
agri_0_2971.jpeg,512,512,Gulma daun lebar,146,16,180,52
IMG20250119170018.jpg,4080,3072,Gulma daun lebar,3056,1569,4080,2007
IMG20250119164518.jpg,3072,4080,Gulma daun lebar,660,2546,788,2807
IMG20250119165949.jpg,4080,3072,Gulma daun sempit,28,15,4051,854
IMG20250119170105.jpg,3072,4080,Gulma daun lebar,2270,940,2583,1140
177.png,565,565,Gulma daun sempit,130,447,197,564
agri_0_3439.jpeg,512,512,Gulma daun lebar,375,244,413,278
agri_0_4068.jpeg,512,512,Gulma daun lebar,33,69,383,390
132.png,736,736,Gulma daun sempit,1,3,736,441
agri_0_2906.jpeg,512,512,Gulma daun lebar,18,59,468,392
IMG20250119170654.jpg,3072,4080,Gulma daun sempit,1389,2,2639,1227
Goosegrass_88.jpg,256,256,Gulma teki-tekian,1,2,252,255
agri_0_4002.jpeg,512,512,Gulma daun lebar,77,375,135,483
IMG20250119170546.jpg,3072,4080,Gulma daun sempit,2089,1003,2750,1487
IMG20250119170036.jpg,3072,4080,Gulma daun sempit,2481,3,3072,441
194.png,619,619,Gulma daun sempit,1,154,619,439
IMG20250119170613.jpg,4080,3072,Gulma teki-tekian,2086,2052,3193,3065
agri_0_3061.jpeg,512,512,Gulma daun lebar,155,1,185,18
IMG20250119170300.jpg,4080,3072,Gulma daun lebar,1870,1811,2318,2340
Goosegrass_90.jpg,256,256,Gulma teki-tekian,6,2,256,256
IMG20250119170803.jpg,3072,4080,Gulma daun sempit,1208,34,2208,1257
IMG20250119170613.jpg,4080,3072,Gulma teki-tekian,18,835,289,1158
agri_0_4301.jpeg,512,512,Gulma daun lebar,76,109,118,136
IMG20250119170018.jpg,4080,3072,Gulma daun lebar,2065,873,3441,1502
IMG20250119170727.jpg,4080,3072,Gulma daun sempit,1585,11,1970,421
IMG20250119170028.jpg,4080,3072,Gulma daun lebar,1267,2269,1713,2645
agri_0_3900.jpeg,512,512,Gulma daun sempit,294,1,492,111
agri_0_3061.jpeg,512,512,Gulma daun lebar,30,77,69,132
IMG20250119164334.jpg,4080,3072,Gulma daun sempit,1070,2619,1293,2958
IMG20250119165937.jpg,4080,3072,Gulma daun lebar,1,1,1193,1923
agri_0_3328.jpeg,512,512,Gulma daun lebar,1,265,193,478
IMG20250119170509.jpg,3072,4080,Gulma daun lebar,1763,2627,2541,4080
agri_0_4240.jpeg,512,512,Gulma daun sempit,138,6,341,187
101.png,156,156,Gulma daun sempit,1,61,155,87
105.png,961,961,Gulma daun sempit,1,117,961,839
agri_0_3152.jpeg,512,512,Gulma daun lebar,1,418,155,510
IMG20250119170000.jpg,4080,3072,Gulma daun sempit,3470,1225,4080,2378
IMG20250119170541.jpg,4080,3072,Gulma daun lebar,1780,1921,2323,2792
agri_0_4355.jpeg,512,512,Gulma daun sempit,264,19,297,52
agri_0_3331.jpeg,512,512,Gulma daun lebar,42,473,176,512
IMG20250119170831.jpg,4080,3072,Gulma daun sempit,189,1413,951,2432
agri_0_2915.jpeg,512,512,Gulma daun lebar,114,32,488,311
Crabgrass_62.jpg,256,256,Gulma teki-tekian,26,45,239,239
135.png,1122,1122,Gulma daun sempit,1,674,1122,1122
IMG20250119170034.jpg,3072,4080,Gulma daun lebar,2,1518,505,2032
agri_0_3989.jpeg,512,512,Gulma daun lebar,56,131,418,449
IMG20250119170701.jpg,4080,3072,Gulma daun lebar,104,30,4080,3072
Crabgrass_53.jpg,256,256,Gulma teki-tekian,53,23,256,213
agri_0_4301.jpeg,512,512,Gulma daun lebar,257,277,311,327
Goosegrass_53.jpg,256,256,Gulma teki-tekian,1,4,256,251
agri_0_4508.jpeg,512,512,Gulma daun lebar,1,1,145,87
agri_0_4383.jpeg,512,512,Gulma daun lebar,491,219,511,252
IMG20250119164955.jpg,4080,3072,Gulma teki-tekian,2338,2858,2738,3068
agri_0_4267.jpeg,512,512,Gulma daun sempit,1,1,107,167
IMG20250119165747.jpg,4080,3072,Gulma daun lebar,185,1854,2157,3072
agri_0_3008.jpeg,512,512,Gulma daun lebar,1,1,290,81
133.png,324,324,Gulma daun sempit,1,14,304,305
agri_0_3230.jpeg,512,512,Gulma daun lebar,1,157,70,241
agri_0_4028.jpeg,512,512,Gulma daun lebar,418,63,512,187
159.png,2840,2132,Gulma daun sempit,1,1,2831,2127
43.png,1417,1417,Gulma daun sempit,186,514,1023,1121
agri_0_3276.jpeg,512,512,Gulma daun lebar,44,16,418,505
166.png,1620,1620,Gulma daun sempit,1,7,1234,1540
IMG20250119170553.jpg,3072,4080,Gulma teki-tekian,12,3,2239,1145
agri_0_2906.jpeg,512,512,Gulma daun lebar,403,295,512,470
53.png,308,308,Gulma daun sempit,1,73,308,246
IMG20250119165758.jpg,4080,3072,Gulma teki-tekian,1651,2200,2660,2977
IMG20250119170323.jpg,4080,3072,Gulma daun lebar,1542,11,3399,1026
Crabgrass_40.jpg,256,256,Gulma teki-tekian,1,1,256,256
182.png,115,115,Gulma daun sempit,39,1,78,109
Crabgrass_58.jpg,256,256,Gulma teki-tekian,18,4,250,238
IMG20250119170541.jpg,4080,3072,Gulma teki-tekian,2551,2478,3390,2997
Goosegrass_86.jpg,256,256,Gulma teki-tekian,1,1,256,256
Goosegrass_16.jpg,256,256,Gulma teki-tekian,7,5,250,256
156.png,212,212,Gulma daun sempit,11,35,179,212
IMG20250119170511.jpg,3072,4080,Gulma daun lebar,162,3418,458,3691
agri_0_3983.jpeg,512,512,Gulma daun lebar,24,108,479,383
agri_0_2971.jpeg,512,512,Gulma daun lebar,1,270,28,300
IMG20250119164334.jpg,4080,3072,Gulma daun sempit,1970,2273,2185,2597
IMG20250119170040.jpg,3072,4080,Gulma daun sempit,1800,1399,2666,1807
IMG20250119170331.jpg,4080,3072,Gulma daun lebar,3131,2503,3518,2871
agri_0_4002.jpeg,512,512,Gulma daun lebar,1,128,18,163
IMG20250119170109.jpg,3072,4080,Gulma daun sempit,58,1,1033,2109
agri_0_4164.jpeg,512,512,Gulma daun lebar,190,89,470,401
agri_0_3720.jpeg,512,512,Gulma daun lebar,352,173,391,204
IMG20250119164711.jpg,3072,4080,Gulma teki-tekian,16,1,135,823
Crabgrass_36.jpg,256,256,Gulma teki-tekian,16,14,232,226
IMG20250119170525.jpg,4080,3072,Gulma daun lebar,28,1045,2594,3072
Goosegrass_82.jpg,256,256,Gulma teki-tekian,47,18,230,255
IMG20250119170709.jpg,3072,4080,Gulma daun sempit,8,1526,170,1791
170.png,388,388,Gulma daun sempit,1,116,106,146
IMG20250119165758.jpg,4080,3072,Gulma daun lebar,9,3,3125,1961
204.png,352,352,Gulma daun sempit,2,1,88,96
agri_0_4355.jpeg,512,512,Gulma daun sempit,265,182,345,250
IMG20250119170756.jpg,4080,3072,Gulma daun sempit,23,21,4070,3011
agri_0_2835.jpeg,512,512,Gulma daun lebar,386,402,425,459
agri_0_3061.jpeg,512,512,Gulma daun lebar,128,311,149,339
agri_0_4388.jpeg,512,512,Gulma daun lebar,373,57,512,153
agri_0_3328.jpeg,512,512,Gulma daun lebar,1,1,104,52
agri_0_3958.jpeg,512,512,Gulma daun lebar,31,114,399,491
IMG20250119164518.jpg,3072,4080,Gulma teki-tekian,5,2971,521,4074
Goosegrass_72.jpg,256,256,Gulma teki-tekian,7,7,256,256
agri_0_2835.jpeg,512,512,Gulma daun lebar,390,187,424,216
IMG20250119170010.jpg,4080,3072,Gulma daun lebar,2625,2686,3099,3026
IMG20250119170018.jpg,4080,3072,Gulma daun lebar,280,1174,734,1490
46.png,351,351,Gulma daun sempit,2,146,351,211
IMG20250119165030.jpg,4080,3072,Gulma daun sempit,3342,2583,4056,2826
153.png,400,400,Gulma daun sempit,1,1,327,397
agri_0_6078.jpeg,512,512,Gulma daun sempit,106,139,439,510
57.png,524,524,Gulma daun sempit,205,1,378,104
agri_0_2873.jpeg,512,512,Gulma daun lebar,1,1,125,38
IMG20250119164804.jpg,4080,3072,Gulma daun sempit,338,1723,393,1868
163.png,1440,1440,Gulma daun sempit,2,566,1440,1440
IMG20250119170052.jpg,3072,4080,Gulma daun lebar,1947,830,2093,1172
agri_0_4002.jpeg,512,512,Gulma daun lebar,388,28,410,70
179.png,240,240,Gulma daun sempit,1,12,240,240
IMG20250119170020.jpg,4080,3072,Gulma daun sempit,699,348,841,690
agri_0_3913.jpeg,512,512,Gulma daun sempit,1,314,143,388
IMG20250119170223.jpg,3072,4080,Gulma teki-tekian,2295,1409,3072,2290
agri_0_3229.jpeg,512,512,Gulma daun lebar,98,170,384,435
Goosegrass_55.jpg,256,256,Gulma teki-tekian,188,22,256,91
agri_0_2835.jpeg,512,512,Gulma daun lebar,369,233,397,259
68.png,2267,2266,Gulma daun sempit,4,632,1821,2266
Crabgrass_43.jpg,256,256,Gulma teki-tekian,1,4,256,256
61.png,297,297,Gulma daun sempit,1,1,231,158
19.png,94,94,Gulma daun sempit,1,1,94,94
IMG20250119170323.jpg,4080,3072,Gulma daun sempit,2696,2784,4080,3068
42.png,107,107,Gulma daun sempit,1,7,107,93
IMG20250119170205.jpg,3072,4080,Gulma daun lebar,627,2968,807,3130
agri_0_4002.jpeg,512,512,Gulma daun lebar,234,56,266,91
IMG20250119170052.jpg,3072,4080,Gulma daun lebar,954,568,1885,1353
agri_0_3752.jpeg,512,512,Gulma daun sempit,366,187,512,512
99.png,93,93,Gulma daun sempit,1,1,93,93
agri_0_2971.jpeg,512,512,Gulma daun lebar,480,255,511,294
agri_0_3129.jpeg,512,512,Gulma teki-tekian,9,83,486,495
agri_0_3690.jpeg,512,512,Gulma daun sempit,385,1,512,104
IMG20250119165917.jpg,4080,3072,Gulma daun sempit,2551,7,3194,269
Goosegrass_15.jpg,256,256,Gulma teki-tekian,1,1,255,256
agri_0_3229.jpeg,512,512,Gulma daun lebar,246,1,400,38
IMG20250119164804.jpg,4080,3072,Gulma daun lebar,2041,1981,2212,2106
Crabgrass_91.jpg,256,256,Gulma teki-tekian,1,16,256,256
27.png,109,109,Gulma daun sempit,1,26,109,86
IMG20250119170034.jpg,3072,4080,Gulma daun sempit,199,2335,413,2621
IMG20250119170831.jpg,4080,3072,Gulma daun sempit,1089,1413,1325,1726
agri_0_4903.jpeg,512,512,Gulma daun sempit,59,2,512,256
IMG20250119165758.jpg,4080,3072,Gulma teki-tekian,176,2565,380,2861
IMG20250119165736.jpg,4080,3072,Gulma daun lebar,9,2290,822,2506
agri_0_3569.jpeg,512,512,Gulma daun lebar,1,71,512,512
34.png,315,315,Gulma daun sempit,101,1,207,315
agri_0_3657.jpeg,512,512,Gulma teki-tekian,183,351,418,512
184.png,189,189,Gulma daun sempit,56,3,129,181
IMG20250119170609.jpg,3072,4080,Gulma daun lebar,2181,1241,3066,2334
IMG20250119170020.jpg,4080,3072,Gulma daun sempit,2961,7,3737,721
agri_0_2971.jpeg,512,512,Gulma daun lebar,86,43,135,90
IMG20250119170640.jpg,3072,4080,Gulma daun lebar,1133,1059,1770,1459
agri_0_3088.jpeg,512,512,Gulma daun lebar,55,2,456,512
IMG20250119170744.jpg,4080,3072,Gulma daun sempit,1313,597,1728,997
IMG20250119170511.jpg,3072,4080,Gulma daun lebar,8,3768,370,4080
IMG20250119170340.jpg,3072,4080,Gulma daun lebar,2293,1414,2558,1745
Crabgrass_69.jpg,256,256,Gulma teki-tekian,4,1,256,256
Crabgrass_12.jpg,256,256,Gulma teki-tekian,1,1,256,256
agri_0_4789.jpeg,512,512,Gulma daun sempit,108,138,424,373
agri_0_3439.jpeg,512,512,Gulma daun lebar,143,341,166,363
agri_0_2971.jpeg,512,512,Gulma daun lebar,145,278,189,311
IMG20250119170351.jpg,3072,4080,Gulma teki-tekian,789,2449,1931,3772
agri_0_3045.jpeg,512,512,Gulma daun lebar,351,359,512,512
agri_0_3100.jpeg,512,512,Gulma teki-tekian,22,15,512,512
IMG20250119165951.jpg,4080,3072,Gulma teki-tekian,444,2694,786,2961
IMG20250119164300.jpg,4080,3072,Gulma teki-tekian,9,2310,499,2752
51.png,251,251,Gulma daun sempit,2,56,251,188
IMG20250119170323.jpg,4080,3072,Gulma daun sempit,2173,2287,2447,2729
agri_0_4356.jpeg,512,512,Gulma daun lebar,45,71,495,417
agri_0_2971.jpeg,512,512,Gulma daun lebar,311,395,339,412
IMG20250119170034.jpg,3072,4080,Gulma daun lebar,2377,2971,2843,3591
IMG20250119170028.jpg,4080,3072,Gulma daun sempit,28,2288,1209,3011
181.png,331,331,Gulma daun sempit,36,157,244,331
205.png,790,790,Gulma daun sempit,92,2,694,790
IMG20250119170020.jpg,4080,3072,Gulma daun sempit,2228,2,2851,302
144.png,800,800,Gulma daun sempit,294,5,654,468
Crabgrass_46.jpg,256,256,Gulma teki-tekian,2,1,256,249
IMG20250119170040.jpg,3072,4080,Gulma daun sempit,8,11,1962,861
IMG20250119170511.jpg,3072,4080,Gulma daun lebar,950,1145,1416,1480
agri_0_3703.jpeg,512,512,Gulma daun lebar,1,390,118,512
agri_0_3690.jpeg,512,512,Gulma daun sempit,1,295,512,512
Crabgrass_20.jpg,256,256,Gulma teki-tekian,80,60,215,223
agri_0_4499.jpeg,512,512,Gulma daun lebar,364,420,512,512
IMG20250119170000.jpg,4080,3072,Gulma daun sempit,2056,1240,3094,1935
IMG20250119170109.jpg,3072,4080,Gulma daun sempit,152,2140,770,2515
1.png,138,138,Gulma daun sempit,1,39,123,83
IMG20250119170340.jpg,3072,4080,Gulma teki-tekian,1220,1272,1497,1676
IMG20250119170052.jpg,3072,4080,Gulma daun lebar,2500,1041,2685,1384
187.png,193,193,Gulma daun sempit,1,11,193,193
193.png,720,720,Gulma daun sempit,1,21,720,720
IMG20250119165052.jpg,4080,3072,Gulma daun sempit,315,2865,705,3072
191.png,1321,1320,Gulma daun sempit,373,692,1321,828
agri_0_3720.jpeg,512,512,Gulma daun lebar,193,401,226,435
IMG20250119165917.jpg,4080,3072,Gulma daun sempit,3437,2483,3732,2730
agri_0_4383.jpeg,512,512,Gulma daun lebar,101,162,152,190
IMG20250119170749.jpg,3072,4080,Gulma daun sempit,2446,18,3057,846
IMG20250119170518.jpg,3072,4080,Gulma daun lebar,16,7,139,214
agri_0_3667.jpeg,512,512,Gulma teki-tekian,4,37,512,512
Crabgrass_2.jpg,256,256,Gulma teki-tekian,1,1,256,256
Goosegrass_25.jpg,256,256,Gulma teki-tekian,1,1,256,256
agri_0_4302.jpeg,512,512,Gulma daun lebar,83,132,457,390
Goosegrass_19.jpg,256,256,Gulma teki-tekian,1,3,247,249
IMG20250119164829.jpg,3072,4080,Gulma daun lebar,2577,3707,2730,4080
IMG20250119170340.jpg,3072,4080,Gulma daun lebar,2581,37,3072,614
IMG20250119170300.jpg,4080,3072,Gulma daun lebar,1109,1802,1799,2164
IMG20250119170048.jpg,3072,4080,Gulma daun sempit,74,3226,608,3903
agri_0_3500.jpeg,512,512,Gulma daun lebar,393,301,512,512
IMG20250119170546.jpg,3072,4080,Gulma daun sempit,1431,445,1635,1087
IMG20250119165927.jpg,4080,3072,Gulma daun lebar,28,1688,1632,3030
IMG20250119170323.jpg,4080,3072,Gulma daun lebar,2180,2848,2534,3061
39.png,1030,1030,Gulma daun sempit,8,430,1030,613
agri_0_4214.jpeg,512,512,Gulma daun lebar,1,1,103,290
IMG20250119170052.jpg,3072,4080,Gulma daun lebar,266,2206,600,3322
IMG20250119165043.jpg,4080,3072,Gulma daun sempit,3790,2692,4023,3054
agri_0_4383.jpeg,512,512,Gulma daun lebar,383,84,434,119
IMG20250119170306.jpg,3072,4080,Gulma daun lebar,1343,668,2320,1514
Crabgrass_70.jpg,256,256,Gulma teki-tekian,25,56,230,211
IMG20250119170546.jpg,3072,4080,Gulma daun sempit,1412,68,1835,341
IMG20250119170040.jpg,3072,4080,Gulma daun sempit,662,2318,1050,2726
173.png,170,170,Gulma daun sempit,76,1,170,170
agri_0_3061.jpeg,512,512,Gulma daun lebar,165,421,203,451
Goosegrass_1.jpg,256,256,Gulma teki-tekian,4,3,256,256
Crabgrass_27.jpg,256,256,Gulma teki-tekian,5,1,242,247
IMG20250119170000.jpg,4080,3072,Gulma daun lebar,1131,2445,1660,2945
agri_0_2971.jpeg,512,512,Gulma daun lebar,186,343,211,362
agri_0_2927.jpeg,512,512,Gulma daun lebar,69,145,409,390
74.png,351,351,Gulma daun sempit,183,2,351,145
IMG20250119170727.jpg,4080,3072,Gulma daun sempit,656,45,1409,897
agri_0_3404.jpeg,512,512,Gulma daun lebar,44,251,153,400
IMG20250119170340.jpg,3072,4080,Gulma daun lebar,2677,3176,3062,3757
52.png,1742,1741,Gulma daun sempit,156,681,1742,1281
IMG20250119170052.jpg,3072,4080,Gulma daun lebar,4,1887,231,2380
IMG20250119170052.jpg,3072,4080,Gulma daun lebar,908,1445,1408,2030
agri_0_2971.jpeg,512,512,Gulma daun lebar,238,379,256,391
IMG20250119170827.jpg,4080,3072,Gulma daun sempit,799,1,2294,1154
IMG20250119170323.jpg,4080,3072,Gulma daun lebar,2847,2139,3028,2406
IMG20250119165917.jpg,4080,3072,Gulma daun sempit,1,1288,328,1678
108.png,212,212,Gulma daun sempit,66,8,152,212
agri_0_3703.jpeg,512,512,Gulma daun lebar,1,1,143,148
IMG20250119170609.jpg,3072,4080,Gulma daun lebar,8,3045,850,4011
IMG20250119170716.jpg,4080,3072,Gulma daun sempit,656,2016,2237,2773
agri_0_4463.jpeg,512,512,Gulma daun lebar,405,433,512,512
agri_0_2999.jpeg,512,512,Gulma daun lebar,4,125,469,406
Goosegrass_37.jpg,256,256,Gulma teki-tekian,4,4,248,245
agri_0_4116.jpeg,512,512,Gulma daun lebar,1,1,175,208
agri_0_3439.jpeg,512,512,Gulma daun lebar,80,377,116,399
IMG20250119170240.jpg,3072,4080,Gulma daun lebar,170,2672,408,2853
IMG20250119170306.jpg,3072,4080,Gulma daun lebar,1031,1584,1897,2607
agri_0_4013.jpeg,512,512,Gulma daun lebar,64,138,426,390
Goosegrass_6.jpg,256,256,Gulma teki-tekian,1,1,255,248
Goosegrass_75.jpg,256,256,Gulma teki-tekian,1,1,256,256
IMG20250119170530.jpg,4080,3072,Gulma teki-tekian,2103,1,4070,2767
IMG20250119165741.jpg,4080,3072,Gulma daun lebar,1,1990,557,2871
agri_0_3720.jpeg,512,512,Gulma daun lebar,215,312,229,327
agri_0_4530.jpeg,512,512,Gulma daun lebar,59,77,428,437
IMG20250119165917.jpg,4080,3072,Gulma daun sempit,13,11,504,1002
IMG20250119170709.jpg,3072,4080,Gulma daun sempit,1885,7,2820,561
74.png,351,351,Gulma daun sempit,2,145,254,351
IMG20250119164438.jpg,4080,3072,Gulma daun lebar,2357,2487,2567,2700
agri_0_3860.jpeg,512,512,Gulma daun sempit,118,246,203,411
Goosegrass_73.jpg,256,256,Gulma teki-tekian,15,33,256,190
IMG20250119170323.jpg,4080,3072,Gulma daun sempit,1254,2355,2134,3072
agri_0_4964.jpeg,512,512,Gulma daun sempit,442,303,512,512
IMG20250119170709.jpg,3072,4080,Gulma daun sempit,2700,695,3072,1657
Goosegrass_24.jpg,256,256,Gulma teki-tekian,1,90,256,256
agri_0_4670.jpeg,512,512,Gulma daun sempit,74,9,458,323
agri_0_4002.jpeg,512,512,Gulma daun lebar,182,282,213,334
agri_0_2835.jpeg,512,512,Gulma daun lebar,282,52,352,99
IMG20250119170749.jpg,3072,4080,Gulma daun sempit,846,2685,2038,3607
agri_0_4391.jpeg,512,512,Gulma daun lebar,15,1,512,427
IMG20250119170722.jpg,4080,3072,Gulma teki-tekian,1356,154,1742,511
IMG20250119170205.jpg,3072,4080,Gulma daun lebar,2541,2907,2727,3391
IMG20250119170213.jpg,3072,4080,Gulma daun lebar,127,2809,883,4080
IMG20250119165917.jpg,4080,3072,Gulma daun sempit,18,2226,1409,2973
IMG20250119170833.jpg,4080,3072,Gulma daun sempit,1764,1032,4080,2858
106.png,91,91,Gulma daun sempit,1,25,87,61
agri_0_3403.jpeg,512,512,Gulma daun lebar,43,1,455,494
agri_0_4355.jpeg,512,512,Gulma daun sempit,277,382,318,432
IMG20250119170603.jpg,4080,3072,Gulma daun sempit,9,2,1780,1611
agri_0_3290.jpeg,512,512,Gulma daun lebar,438,1,512,187
IMG20250119164518.jpg,3072,4080,Gulma teki-tekian,1,461,308,1172
Crabgrass_31.jpg,256,256,Gulma teki-tekian,15,3,240,256
agri_0_4811.jpeg,512,512,Gulma daun sempit,398,5,512,159
IMG20250119164518.jpg,3072,4080,Gulma teki-tekian,24,1441,308,2376
IMG20250119170122.jpg,4080,3072,Gulma daun sempit,4,26,4080,1611
IMG20250119170340.jpg,3072,4080,Gulma daun lebar,2647,1611,2908,1980
IMG20250119170052.jpg,3072,4080,Gulma daun lebar,1485,1,1654,153
IMG20250119170548.jpg,3072,4080,Gulma daun lebar,1195,990,1833,1190
IMG20250119170541.jpg,4080,3072,Gulma daun lebar,1490,1011,2013,1607
Goosegrass_4.jpg,256,256,Gulma teki-tekian,26,21,256,227
189.png,352,352,Gulma daun sempit,127,1,217,352
Crabgrass_6.jpg,256,256,Gulma teki-tekian,32,46,240,227
IMG20250119170609.jpg,3072,4080,Gulma daun sempit,1881,3591,2674,4045
agri_0_4355.jpeg,512,512,Gulma daun sempit,363,85,397,122
IMG20250119170134.jpg,4080,3072,Gulma daun lebar,2686,2597,2938,2977
169.png,400,400,Gulma daun sempit,1,138,400,370
62.png,906,906,Gulma daun sempit,1,274,111,906
Goosegrass_83.jpg,256,256,Gulma teki-tekian,3,2,256,250
IMG20250119170518.jpg,3072,4080,Gulma teki-tekian,558,34,1062,526
Crabgrass_68.jpg,256,256,Gulma teki-tekian,40,1,256,256
agri_0_3880.jpeg,512,512,Gulma daun lebar,55,129,430,359
IMG20250119170833.jpg,4080,3072,Gulma daun sempit,434,832,670,1145
agri_0_3259.jpeg,512,512,Gulma daun lebar,2,47,448,452
agri_0_3439.jpeg,512,512,Gulma daun lebar,186,280,222,298
IMG20250119165747.jpg,4080,3072,Gulma daun lebar,2166,1988,3775,3072
Goosegrass_48.jpg,256,256,Gulma teki-tekian,1,1,238,239
Crabgrass_72.jpg,256,256,Gulma teki-tekian,1,28,251,221
IMG20250119170742.jpg,4080,3072,Gulma daun sempit,4,340,242,802
agri_0_3744.jpeg,512,512,Gulma daun lebar,52,145,422,426
IMG20250119170020.jpg,4080,3072,Gulma daun sempit,1628,1911,2032,2488
agri_0_4335.jpeg,512,512,Gulma daun lebar,113,426,199,482
agri_0_2835.jpeg,512,512,Gulma daun lebar,143,139,173,172
149.png,447,447,Gulma daun sempit,10,1,445,435
agri_0_4484.jpeg,512,512,Gulma daun lebar,38,55,460,442
200.png,641,641,Gulma daun sempit,2,331,510,641
IMG20250119170803.jpg,3072,4080,Gulma daun sempit,1389,3268,1966,3822
Goosegrass_30.jpg,256,256,Gulma teki-tekian,4,1,249,254
IMG20250119170546.jpg,3072,4080,Gulma daun lebar,1712,634,2493,957
IMG20250119170115.jpg,4080,3072,Gulma daun sempit,32,630,4080,2654
IMG20250119170817.jpg,4080,3072,Gulma daun lebar,1790,1540,4080,3054
agri_0_3858.jpeg,512,512,Gulma daun lebar,97,7,175,98
agri_0_3230.jpeg,512,512,Gulma daun lebar,391,108,511,225
137.png,400,400,Gulma daun sempit,106,7,290,400
IMG20250119165949.jpg,4080,3072,Gulma daun lebar,2356,1740,3751,3072
IMG20250119170640.jpg,3072,4080,Gulma daun lebar,1916,2807,2143,3184
IMG20250119164300.jpg,4080,3072,Gulma daun lebar,2890,2811,3337,3054
agri_0_2835.jpeg,512,512,Gulma daun lebar,37,161,65,178
Goosegrass_64.jpg,256,256,Gulma teki-tekian,48,1,216,256
agri_0_3820.jpeg,512,512,Gulma daun lebar,160,395,435,512
IMG20250119164410.jpg,4080,3072,Gulma teki-tekian,2470,2400,3134,3042
IMG20250119165750_BURST001_COVER.jpg,4080,3072,Gulma daun lebar,213,1373,737,1649
agri_0_4085.jpeg,512,512,Gulma daun sempit,459,163,512,250
agri_0_6222.jpeg,512,512,Gulma teki-tekian,1,1,192,511
agri_0_4337.jpeg,512,512,Gulma daun lebar,58,291,94,326
agri_0_2971.jpeg,512,512,Gulma daun lebar,124,308,161,339
agri_0_4778.jpeg,512,512,Gulma daun sempit,73,9,512,330
IMG20250119170040.jpg,3072,4080,Gulma daun sempit,27,2391,358,2687
IMG20250119170340.jpg,3072,4080,Gulma daun lebar,2481,3057,2704,3326
Goosegrass_84.jpg,256,256,Gulma teki-tekian,1,1,256,256
IMG20250119165921.jpg,4080,3072,Gulma daun lebar,42,31,4057,3026
45.png,1074,1074,Gulma daun sempit,3,102,487,232
IMG20250119170205.jpg,3072,4080,Gulma daun lebar,607,2588,877,2960
agri_0_4019.jpeg,512,512,Gulma daun lebar,99,139,412,372
Goosegrass_44.jpg,256,256,Gulma teki-tekian,1,1,256,256
IMG20250119164300.jpg,4080,3072,Gulma daun lebar,3632,2735,4080,3072
IMG20250119165917.jpg,4080,3072,Gulma daun sempit,475,1578,718,1807
IMG20250119170000.jpg,4080,3072,Gulma daun sempit,13,1235,2018,2449
IMG20250119170034.jpg,3072,4080,Gulma teki-tekian,568,2493,888,2693
Goosegrass_39.jpg,256,256,Gulma teki-tekian,4,6,242,249
IMG20250119170511.jpg,3072,4080,Gulma daun lebar,881,2337,1531,2884
Crabgrass_92.jpg,256,256,Gulma teki-tekian,1,2,256,256
agri_0_4789.jpeg,512,512,Gulma daun sempit,335,417,425,509
agri_0_4502.jpeg,512,512,Gulma daun lebar,114,119,342,349
agri_0_3720.jpeg,512,512,Gulma daun lebar,16,73,39,101
agri_0_3039.jpeg,512,512,Gulma daun lebar,93,101,469,456
185.png,641,641,Gulma daun sempit,2,35,641,641
agri_0_3682.jpeg,512,512,Gulma daun lebar,53,201,470,460
agri_0_3468.jpeg,512,512,Gulma daun lebar,1,11,512,511
agri_0_2835.jpeg,512,512,Gulma daun lebar,289,27,315,53
IMG20250119165840.jpg,4080,3072,Gulma daun lebar,1215,2771,1538,3003
IMG20250119170613.jpg,4080,3072,Gulma daun lebar,2260,1052,3228,2026
IMG20250119170109.jpg,3072,4080,Gulma daun sempit,1914,1977,2477,3715
IMG20250119170833.jpg,4080,3072,Gulma daun sempit,734,2045,989,2435
agri_0_4118.jpeg,512,512,Gulma daun lebar,52,142,403,483
171.png,1311,1311,Gulma daun sempit,4,3,802,1311
Goosegrass_28.jpg,256,256,Gulma teki-tekian,9,20,256,247
IMG20250119170048.jpg,3072,4080,Gulma daun lebar,347,3949,535,4080
IMG20250119170732.jpg,4080,3072,Gulma daun sempit,9,2,4080,1678
agri_0_3061.jpeg,512,512,Gulma daun lebar,128,251,151,272
147.png,1440,1440,Gulma daun sempit,749,584,1440,928
agri_0_4355.jpeg,512,512,Gulma daun sempit,111,1,135,22
IMG20250119170833.jpg,4080,3072,Gulma daun sempit,2383,132,2909,574
IMG20250119170518.jpg,3072,4080,Gulma daun lebar,1958,984,2583,3090
IMG20250119164700.jpg,4080,3072,Gulma daun lebar,3580,2483,3704,2669
IMG20250119170251.jpg,4080,3072,Gulma daun sempit,2289,892,4051,2997
agri_0_4947.jpeg,512,512,Gulma daun sempit,200,238,442,425
agri_0_2835.jpeg,512,512,Gulma daun lebar,404,272,428,292
Goosegrass_70.jpg,256,256,Gulma teki-tekian,36,28,207,253
agri_0_3720.jpeg,512,512,Gulma daun lebar,43,283,74,313
agri_0_4365.jpeg,512,512,Gulma daun lebar,96,37,492,512
Crabgrass_10.jpg,256,256,Gulma teki-tekian,1,2,256,249
IMG20250119170613.jpg,4080,3072,Gulma daun sempit,505,371,734,777
agri_0_4617.jpeg,512,512,Gulma daun sempit,1,356,106,512
agri_0_3530.jpeg,512,512,Gulma daun lebar,42,87,436,421
IMG20250119165955.jpg,4080,3072,Gulma daun sempit,1,1,4080,1307
Crabgrass_7.jpg,256,256,Gulma teki-tekian,1,1,256,249
agri_0_4222.jpeg,512,512,Gulma daun lebar,183,106,466,427
49-3.png,1040,936,Gulma daun sempit,481,274,1040,936
agri_0_3556.jpeg,512,512,Gulma daun lebar,177,117,393,346
IMG20250119170744.jpg,4080,3072,Gulma daun sempit,1504,2,1880,283
IMG20250119164518.jpg,3072,4080,Gulma daun lebar,512,1518,631,1657
agri_0_4167.jpeg,512,512,Gulma daun lebar,24,112,423,476
IMG20250119170744.jpg,4080,3072,Gulma daun sempit,1042,2221,2942,3072
2.png,97,97,Gulma daun sempit,3,32,92,72
Crabgrass_90.jpg,256,256,Gulma teki-tekian,1,1,256,251
IMG20250119170109.jpg,3072,4080,Gulma daun sempit,270,3140,1108,3921
IMG20250119170744.jpg,4080,3072,Gulma daun sempit,3166,1296,4080,2935
agri_0_6258.jpeg,512,512,Gulma daun sempit,112,139,414,379
agri_0_3856.jpeg,512,512,Gulma daun lebar,45,461,102,492
110.png,288,288,Gulma daun sempit,162,82,286,123
agri_0_3471.jpeg,512,512,Gulma daun lebar,35,49,427,326
agri_0_3061.jpeg,512,512,Gulma daun lebar,302,342,335,369
IMG20250119165927.jpg,4080,3072,Gulma daun lebar,1770,2707,2066,3035
agri_0_4383.jpeg,512,512,Gulma daun lebar,389,155,437,201
IMG20250119170340.jpg,3072,4080,Gulma daun sempit,2381,372,2585,1214
IMG20250119170727.jpg,4080,3072,Gulma daun lebar,1318,2642,1857,2929
agri_0_4383.jpeg,512,512,Gulma daun lebar,343,125,374,166
Crabgrass_93.jpg,256,256,Gulma teki-tekian,1,1,255,255
92.png,110,110,Gulma daun sempit,39,1,78,110
Goosegrass_49.jpg,256,256,Gulma teki-tekian,72,29,203,243
IMG20250119170754.jpg,4080,3072,Gulma daun sempit,2394,7,4075,1911
agri_0_3008.jpeg,512,512,Gulma daun lebar,426,407,512,512
agri_0_3229.jpeg,512,512,Gulma daun lebar,422,463,512,512
IMG20250119170732.jpg,4080,3072,Gulma teki-tekian,1656,1778,4080,3054
IMG20250119165758.jpg,4080,3072,Gulma teki-tekian,1164,2668,1305,2871
agri_0_3944.jpeg,512,512,Gulma daun lebar,1,1,80,194
IMG20250119165741.jpg,4080,3072,Gulma teki-tekian,1142,2010,1338,2203
Crabgrass_18.jpg,256,256,Gulma teki-tekian,1,4,256,246
IMG20250119170548.jpg,3072,4080,Gulma daun lebar,1802,1740,2039,2096
Crabgrass_11.jpg,256,256,Gulma teki-tekian,1,1,255,256
IMG20250119170040.jpg,3072,4080,Gulma daun sempit,777,1314,1524,2299
IMG20250119170833.jpg,4080,3072,Gulma daun sempit,2,213,412,535
agri_0_3983.jpeg,512,512,Gulma daun lebar,1,350,230,512
129.png,1836,1782,Gulma daun sempit,143,537,1836,1112
agri_0_3290.jpeg,512,512,Gulma daun lebar,55,1,449,501
IMG20250119170511.jpg,3072,4080,Gulma daun lebar,1646,1677,1710,1780
agri_0_3231.jpeg,512,512,Gulma daun lebar,9,107,426,383
agri_0_3613.jpeg,512,512,Gulma daun lebar,455,52,512,114
agri_0_3736.jpeg,512,512,Gulma daun lebar,14,1,512,512
agri_0_2923.jpeg,512,512,Gulma daun lebar,4,15,477,472
Goosegrass_62.jpg,256,256,Gulma teki-tekian,36,1,217,196
IMG20250119170310.jpg,4080,3072,Gulma daun lebar,85,2054,4066,3072
IMG20250119165736.jpg,4080,3072,Gulma daun lebar,2044,1977,3180,2381
IMG20250119170803.jpg,3072,4080,Gulma daun lebar,2304,3580,2508,3830
205.png,790,790,Gulma daun sempit,76,4,192,161
IMG20250119165736.jpg,4080,3072,Gulma daun lebar,12,2535,322,2816
IMG20250119165927.jpg,4080,3072,Gulma daun lebar,3823,2307,4080,2759
IMG20250119165951.jpg,4080,3072,Gulma teki-tekian,1967,2590,2244,2871
agri_0_4388.jpeg,512,512,Gulma daun lebar,88,169,456,377
IMG20250119170609.jpg,3072,4080,Gulma daun lebar,1493,1280,2035,1503
IMG20250119165013.jpg,4080,3072,Gulma teki-tekian,3475,2754,4061,3049
85.png,163,163,Gulma daun sempit,1,31,163,127
IMG20250119165955.jpg,4080,3072,Gulma daun sempit,2180,1359,3594,2639
IMG20250119170541.jpg,4080,3072,Gulma teki-tekian,3018,21,4080,2383
IMG20250119170833.jpg,4080,3072,Gulma daun sempit,1,952,241,1423
Crabgrass_37.jpg,256,256,Gulma teki-tekian,1,1,256,256
agri_0_4068.jpeg,512,512,Gulma daun lebar,369,1,431,42
agri_0_4436.jpeg,512,512,Gulma daun lebar,1,71,450,459
IMG20250119170509.jpg,3072,4080,Gulma daun lebar,1555,3457,1741,4080
agri_0_3805.jpeg,512,512,Gulma daun lebar,193,197,385,345
agri_0_4013.jpeg,512,512,Gulma daun lebar,330,1,512,129
IMG20250119170020.jpg,4080,3072,Gulma daun sempit,3585,954,4080,1935
IMG20250119170010.jpg,4080,3072,Gulma daun lebar,1151,2694,1454,3013
Crabgrass_48.jpg,256,256,Gulma teki-tekian,23,6,256,256
agri_0_3943.jpeg,512,512,Gulma daun lebar,1,1,149,223
agri_0_4301.jpeg,512,512,Gulma daun lebar,132,147,173,181
IMG20250119170040.jpg,3072,4080,Gulma daun sempit,2197,2587,2404,2803
IMG20250119170609.jpg,3072,4080,Gulma daun sempit,1697,1618,2143,2045
IMG20250119170020.jpg,4080,3072,Gulma daun sempit,1193,1590,1367,1823
Crabgrass_38.jpg,256,256,Gulma teki-tekian,12,1,244,237
50.png,435,435,Gulma daun sempit,185,41,435,435
agri_0_4964.jpeg,512,512,Gulma daun sempit,52,298,138,402
IMG20250119165937.jpg,4080,3072,Gulma daun sempit,1224,1,2137,1297
Crabgrass_74.jpg,256,256,Gulma teki-tekian,1,1,223,223
52.png,1742,1741,Gulma daun sempit,6,1470,401,1657
agri_0_4337.jpeg,512,512,Gulma daun lebar,220,187,300,280
IMG20250119170744.jpg,4080,3072,Gulma daun sempit,4,1349,180,1726
agri_0_4301.jpeg,512,512,Gulma daun lebar,76,178,126,222
agri_0_3388.jpeg,512,512,Gulma daun lebar,96,145,418,384
agri_0_3054.jpeg,512,512,Gulma daun lebar,43,123,435,512
agri_0_4337.jpeg,512,512,Gulma daun lebar,50,1,123,125
Goosegrass_85.jpg,256,256,Gulma teki-tekian,3,1,252,256
Crabgrass_67.jpg,256,256,Gulma teki-tekian,79,45,239,245
Goosegrass_22.jpg,256,256,Gulma teki-tekian,1,1,244,256
157.png,170,170,Gulma daun sempit,81,56,170,170
IMG20250119170553.jpg,3072,4080,Gulma daun lebar,31,3303,343,3518
IMG20250119164829.jpg,3072,4080,Gulma daun lebar,524,3460,630,3541
Goosegrass_31.jpg,256,256,Gulma teki-tekian,1,32,256,238
Crabgrass_22.jpg,256,256,Gulma teki-tekian,13,28,256,231
IMG20250119170048.jpg,3072,4080,Gulma daun sempit,112,1284,777,3084
IMG20250119171227.jpg,3072,4080,Gulma daun lebar,1,3268,656,4076
103.png,115,115,Gulma daun sempit,7,46,108,65
IMG20250119165052.jpg,4080,3072,Gulma daun sempit,2518,2800,2860,3068
IMG20250119170541.jpg,4080,3072,Gulma teki-tekian,847,1759,1713,3072
agri_0_3039.jpeg,512,512,Gulma daun lebar,283,289,512,511
IMG20250119170548.jpg,3072,4080,Gulma daun lebar,495,1940,1439,2465
IMG20250119170654.jpg,3072,4080,Gulma daun sempit,2614,2677,3072,3246
agri_0_3680.jpeg,512,512,Gulma teki-tekian,59,4,442,340
IMG20250119165043.jpg,4080,3072,Gulma daun sempit,2183,1835,2276,2035
IMG20250119165937.jpg,4080,3072,Gulma daun lebar,970,1987,1147,2319
Crabgrass_80.jpg,256,256,Gulma teki-tekian,1,1,250,251
IMG20250119170609.jpg,3072,4080,Gulma daun lebar,643,1218,1035,1430
agri_0_3093.jpeg,512,512,Gulma daun lebar,327,1,511,107
IMG20250119170231.jpg,3072,4080,Gulma teki-tekian,670,115,3064,665
agri_0_3156.jpeg,512,512,Gulma daun lebar,137,159,323,317
78.png,625,625,Gulma daun sempit,210,128,625,559
IMG20250119170020.jpg,4080,3072,Gulma daun sempit,134,1603,425,2061
IMG20250119170040.jpg,3072,4080,Gulma daun sempit,966,3577,1307,3846
agri_0_4033.jpeg,512,512,Gulma daun lebar,1,1,512,512
161.png,1671,1671,Gulma daun sempit,403,17,1671,1553
IMG20250119170231.jpg,3072,4080,Gulma teki-tekian,1714,2515,2545,3427
agri_0_4553.jpeg,512,512,Gulma daun lebar,1,1,512,511
Crabgrass_77.jpg,256,256,Gulma teki-tekian,22,30,213,180
IMG20250119170010.jpg,4080,3072,Gulma daun sempit,2796,1239,3234,1913
IMG20250119170025.jpg,3072,4080,Gulma daun lebar,1597,2403,1770,2591
agri_0_3720.jpeg,512,512,Gulma daun lebar,331,461,371,492
IMG20250119164518.jpg,3072,4080,Gulma daun lebar,363,71,546,307
agri_0_4335.jpeg,512,512,Gulma daun lebar,352,1,480,180
agri_0_3480.jpeg,512,512,Gulma daun lebar,78,53,481,492
agri_0_3928.jpeg,512,512,Gulma daun lebar,86,18,434,463
agri_0_3198.jpeg,512,512,Gulma daun lebar,187,85,376,456
120.png,1130,1130,Gulma daun sempit,1,199,1012,860
agri_0_4383.jpeg,512,512,Gulma daun lebar,297,497,326,512
146.png,347,347,Gulma daun sempit,2,38,347,317
Goosegrass_55.jpg,256,256,Gulma teki-tekian,3,2,173,204
Crabgrass_71.jpg,256,256,Gulma teki-tekian,26,37,229,256
IMG20250119170609.jpg,3072,4080,Gulma daun lebar,1808,2945,2566,3557
agri_0_3509.jpeg,512,512,Gulma daun lebar,397,102,512,218
Goosegrass_71.jpg,256,256,Gulma teki-tekian,1,5,251,252
agri_0_4002.jpeg,512,512,Gulma daun lebar,82,490,143,512
agri_0_6540.jpeg,512,512,Gulma daun sempit,121,246,175,368
IMG20250119165917.jpg,4080,3072,Gulma daun sempit,3518,2802,4080,3054
IMG20250119170040.jpg,3072,4080,Gulma daun sempit,12,1149,574,2103
agri_0_2971.jpeg,512,512,Gulma daun lebar,324,194,364,224
IMG20250119170018.jpg,4080,3072,Gulma daun sempit,9,877,131,1281
Crabgrass_32.jpg,256,256,Gulma teki-tekian,24,26,247,248
agri_0_3820.jpeg,512,512,Gulma daun lebar,224,1,315,26
86.png,88,88,Gulma daun sempit,23,1,68,88
IMG20250119164510.jpg,3072,4080,Gulma teki-tekian,14,1972,133,2690
Goosegrass_10.jpg,256,256,Gulma teki-tekian,1,1,256,256
agri_0_4273.jpeg,512,512,Gulma daun sempit,331,7,415,100
agri_0_4383.jpeg,512,512,Gulma daun lebar,351,194,409,251
agri_0_4028.jpeg,512,512,Gulma daun lebar,1,1,349,143
IMG20250119170744.jpg,4080,3072,Gulma daun sempit,1023,516,1251,783
117.png,1088,1088,Gulma daun sempit,64,364,1088,744
58.png,740,740,Gulma daun sempit,229,1,470,740
IMG20250119170231.jpg,3072,4080,Gulma teki-tekian,8,152,602,859
IMG20250119170831.jpg,4080,3072,Gulma daun sempit,2223,1,2566,297
Goosegrass_78.jpg,256,256,Gulma teki-tekian,20,5,256,256
IMG20250119164711.jpg,3072,4080,Gulma teki-tekian,21,880,140,1268
IMG20250119170827.jpg,4080,3072,Gulma daun lebar,2761,1697,4080,2940
agri_0_2835.jpeg,512,512,Gulma daun lebar,414,347,435,366
IMG20250119170020.jpg,4080,3072,Gulma daun sempit,2037,521,2656,1002
IMG20250119164829.jpg,3072,4080,Gulma daun sempit,638,3993,855,4077
IMG20250119170817.jpg,4080,3072,Gulma daun sempit,13,11,4080,1354
IMG20250119170402.jpg,3072,4080,Gulma teki-tekian,483,40,3072,2077
agri_0_4184.jpeg,512,512,Gulma daun lebar,38,198,369,398
agri_0_2835.jpeg,512,512,Gulma daun lebar,275,246,307,278
agri_0_3081.jpeg,512,512,Gulma daun lebar,157,173,478,341
agri_0_3856.jpeg,512,512,Gulma daun lebar,80,152,421,355
IMG20250119170744.jpg,4080,3072,Gulma daun sempit,809,1035,1190,1488
IMG20250119170509.jpg,3072,4080,Gulma daun sempit,2724,1087,3072,2353
IMG20250119170351.jpg,3072,4080,Gulma daun lebar,2274,1,2620,637
agri_0_3944.jpeg,512,512,Gulma daun lebar,76,101,512,463
IMG20250119165927.jpg,4080,3072,Gulma daun lebar,3194,2821,3580,3045
agri_0_3746.jpeg,512,512,Gulma daun lebar,1,259,98,487
90.png,88,88,Gulma daun sempit,19,1,62,80
IMG20250119170109.jpg,3072,4080,Gulma daun sempit,2508,1227,2814,2359
IMG20250119170036.jpg,3072,4080,Gulma daun sempit,2547,772,3072,1472
116.png,73,73,Gulma daun sempit,19,33,73,73
IMG20250119165927.jpg,4080,3072,Gulma daun lebar,23,164,1013,1140
IMG20250119170831.jpg,4080,3072,Gulma daun sempit,3280,511,3942,1321
agri_0_4002.jpeg,512,512,Gulma daun lebar,409,1,433,24
agri_0_4348.jpeg,512,512,Gulma daun sempit,96,415,175,510
IMG20250119170340.jpg,3072,4080,Gulma daun lebar,2770,2191,2870,2307
IMG20250119165741.jpg,4080,3072,Gulma daun lebar,424,1846,509,1936
IMG20250119170603.jpg,4080,3072,Gulma teki-tekian,18,1730,1637,3064
IMG20250119164438.jpg,4080,3072,Gulma teki-tekian,9,2273,170,3032
IMG20250119170738.jpg,4080,3072,Gulma teki-tekian,2128,1326,2780,2130
agri_0_3061.jpeg,512,512,Gulma daun lebar,35,460,80,498
Crabgrass_44.jpg,256,256,Gulma teki-tekian,12,11,195,218
IMG20250119170340.jpg,3072,4080,Gulma daun lebar,2804,2472,3066,2772
agri_0_2951.jpeg,512,512,Gulma daun lebar,61,62,512,454
134.png,481,481,Gulma daun sempit,84,1,419,481
IMG20250119170600.jpg,4080,3072,Gulma daun sempit,2142,16,4080,2583
agri_0_3669.jpeg,512,512,Gulma daun lebar,1,331,69,509
IMG20250119170803.jpg,3072,4080,Gulma daun sempit,2239,2072,2539,2391
agri_0_2971.jpeg,512,512,Gulma daun lebar,26,129,66,173
148.png,749,749,Gulma daun sempit,63,1,689,749
agri_0_6189.jpeg,512,512,Gulma daun sempit,83,167,380,415
IMG20250119165910.jpg,4080,3072,Gulma daun sempit,699,2935,1618,3072
agri_0_3720.jpeg,512,512,Gulma daun lebar,378,421,429,468
IMG20250119170833.jpg,4080,3072,Gulma daun sempit,1225,29,1544,410
IMG20250119170831.jpg,4080,3072,Gulma daun sempit,23,26,2075,1307
agri_0_4383.jpeg,512,512,Gulma daun lebar,262,1,301,21
IMG20250119170709.jpg,3072,4080,Gulma daun sempit,435,1368,712,1591
agri_0_4301.jpeg,512,512,Gulma daun lebar,188,331,253,401
IMG20250119170534.jpg,4080,3072,Gulma daun lebar,3761,2321,4080,3064
IMG20250119170040.jpg,3072,4080,Gulma daun sempit,2712,3261,2935,3584
IMG20250119170025.jpg,3072,4080,Gulma daun lebar,1,1,539,1626
IMG20250119170402.jpg,3072,4080,Gulma daun lebar,14,15,364,184
IMG20250119170300.jpg,4080,3072,Gulma daun lebar,1428,2369,4080,3072
IMG20250119170722.jpg,4080,3072,Gulma teki-tekian,1361,1673,1947,2516
Crabgrass_47.jpg,256,256,Gulma teki-tekian,1,51,249,243
93.png,354,354,Gulma daun sempit,103,1,252,354
IMG20250119164421.jpg,4080,3072,Gulma teki-tekian,3256,2716,4056,3030
IMG20250119170034.jpg,3072,4080,Gulma daun lebar,2296,1738,2857,2557
Crabgrass_66.jpg,256,256,Gulma teki-tekian,1,1,256,256
IMG20250119170511.jpg,3072,4080,Gulma daun lebar,1480,1646,1557,1730
Goosegrass_32.jpg,256,256,Gulma teki-tekian,1,11,245,220
Goosegrass_65.jpg,256,256,Gulma teki-tekian,2,11,256,256
83.png,753,753,Gulma daun sempit,410,150,652,511
IMG20250119170705.jpg,3072,4080,Gulma daun lebar,627,1064,1143,2480
agri_0_3914.jpeg,512,512,Gulma daun lebar,10,63,486,455
IMG20250119170020.jpg,4080,3072,Gulma daun sempit,1528,11,2128,488
IMG20250119170109.jpg,3072,4080,Gulma daun sempit,2820,721,2920,1046
IMG20250119170525.jpg,4080,3072,Gulma daun sempit,290,16,961,621
37.png,307,307,Gulma daun sempit,1,79,307,234
agri_0_4085.jpeg,512,512,Gulma daun sempit,383,377,506,512
IMG20250119170553.jpg,3072,4080,Gulma teki-tekian,892,1188,3046,3061
IMG20250119170020.jpg,4080,3072,Gulma daun sempit,3837,2769,4075,3016
164.png,749,749,Gulma daun sempit,2,5,749,749
81.png,128,128,Gulma daun sempit,1,40,128,92
agri_0_3500.jpeg,512,512,Gulma daun lebar,2,52,437,407
IMG20250119170801.jpg,3072,4080,Gulma daun sempit,8,3599,447,4080
agri_0_2895.jpeg,512,512,Gulma daun lebar,76,129,459,504
IMG20250119170742.jpg,4080,3072,Gulma daun sempit,2232,278,2504,659
IMG20250119170018.jpg,4080,3072,Gulma daun sempit,1109,40,2018,1021
IMG20250119170548.jpg,3072,4080,Gulma daun lebar,889,1209,1927,1421
107.png,167,167,Gulma daun sempit,6,45,158,119
IMG20250119165741.jpg,4080,3072,Gulma daun lebar,993,2297,1957,2932
IMG20250119170609.jpg,3072,4080,Gulma daun lebar,889,3595,1727,4080
IMG20250119165917.jpg,4080,3072,Gulma daun sempit,2885,2507,3199,2969
agri_0_3706.jpeg,512,512,Gulma daun lebar,106,1,287,87
agri_0_2997.jpeg,512,512,Gulma daun lebar,1,1,87,112
IMG20250119170331.jpg,4080,3072,Gulma daun lebar,2070,1,2385,530
Goosegrass_5.jpg,256,256,Gulma teki-tekian,1,1,256,256
IMG20250119170546.jpg,3072,4080,Gulma daun sempit,2008,2399,2781,3026
Goosegrass_35.jpg,256,256,Gulma teki-tekian,33,19,256,216
IMG20250119170738.jpg,4080,3072,Gulma daun sempit,928,1,2112,1697
agri_0_4265.jpeg,512,512,Gulma daun sempit,409,4,512,150
agri_0_3247.jpeg,512,512,Gulma daun lebar,84,48,473,324
IMG20250119170530.jpg,4080,3072,Gulma teki-tekian,9,1535,366,2554
agri_0_3039.jpeg,512,512,Gulma daun lebar,411,1,511,290
IMG20250119170323.jpg,4080,3072,Gulma daun sempit,12,1581,1215,3072
80.png,237,237,Gulma daun sempit,1,25,237,193
agri_0_3720.jpeg,512,512,Gulma daun lebar,435,1,485,57
agri_0_4301.jpeg,512,512,Gulma daun lebar,323,363,364,411
IMG20250119170833.jpg,4080,3072,Gulma daun sempit,254,32,867,148
IMG20250119170738.jpg,4080,3072,Gulma teki-tekian,1651,1858,2112,2710
agri_0_4002.jpeg,512,512,Gulma daun lebar,440,406,474,447
Goosegrass_79.jpg,256,256,Gulma teki-tekian,1,4,256,256
agri_0_3807.jpeg,512,512,Gulma daun sempit,306,125,462,442
IMG20250119170632.jpg,4080,3072,Gulma teki-tekian,9,730,532,2711
IMG20250119170028.jpg,4080,3072,Gulma daun lebar,1754,2529,2047,2861
75.png,297,297,Gulma daun sempit,1,1,297,243
IMG20250119170749.jpg,3072,4080,Gulma daun sempit,1691,888,1907,1093
agri_0_3492.jpeg,512,512,Gulma daun lebar,1,1,115,124
IMG20250119164421.jpg,4080,3072,Gulma teki-tekian,32,2611,1237,3045
IMG20250119170732.jpg,4080,3072,Gulma teki-tekian,94,1735,851,2645
agri_0_4348.jpeg,512,512,Gulma daun sempit,99,131,403,380
IMG20250119170509.jpg,3072,4080,Gulma daun lebar,1171,2535,1732,3021
agri_0_3720.jpeg,512,512,Gulma daun lebar,225,150,260,174
IMG20250119170340.jpg,3072,4080,Gulma daun lebar,2062,3545,2316,3757
agri_0_2835.jpeg,512,512,Gulma daun lebar,301,400,326,434
IMG20250119170020.jpg,4080,3072,Gulma daun sempit,1047,1087,1160,1197
IMG20250119170052.jpg,3072,4080,Gulma daun lebar,258,980,877,2261
agri_0_4213.jpeg,512,512,Gulma daun lebar,55,147,479,397
73.png,1074,1074,Gulma daun sempit,1,2,1074,1074
agri_0_6225.jpeg,512,512,Gulma daun sempit,383,391,512,484
IMG20250119164711.jpg,3072,4080,Gulma daun lebar,20,1853,293,2191
agri_0_2854.jpeg,512,512,Gulma daun lebar,79,1,475,456
Goosegrass_38.jpg,256,256,Gulma teki-tekian,33,1,197,231
agri_0_3061.jpeg,512,512,Gulma daun lebar,168,242,200,268
agri_0_3077.jpeg,512,512,Gulma daun sempit,196,368,386,508
IMG20250119170654.jpg,3072,4080,Gulma daun sempit,70,1215,820,1809
agri_0_3492.jpeg,512,512,Gulma daun lebar,80,58,504,426
55.png,1109,1109,Gulma daun sempit,2,64,1109,1109
IMG20250119170040.jpg,3072,4080,Gulma daun sempit,2447,1857,3054,2284
agri_0_2863.jpeg,512,512,Gulma daun sempit,433,257,497,327
Crabgrass_79.jpg,256,256,Gulma teki-tekian,1,1,256,256
agri_0_2971.jpeg,512,512,Gulma daun lebar,342,256,395,315
IMG20250119170742.jpg,4080,3072,Gulma daun sempit,2528,2573,2928,2859
IMG20250119170735.jpg,4080,3072,Gulma daun sempit,13,7,4080,2821
IMG20250119170020.jpg,4080,3072,Gulma daun sempit,828,2087,1089,2261
agri_0_3439.jpeg,512,512,Gulma daun lebar,176,217,224,244
IMG20250119170553.jpg,3072,4080,Gulma daun lebar,4,2172,612,2634
Goosegrass_11.jpg,256,256,Gulma teki-tekian,33,1,230,161
agri_0_2927.jpeg,512,512,Gulma daun lebar,301,104,354,150
agri_0_4301.jpeg,512,512,Gulma daun lebar,376,237,419,273
100.png,82,82,Gulma daun sempit,2,5,79,70
49-1.png,352,368,Gulma daun sempit,2,71,352,229
agri_0_4393.jpeg,512,512,Gulma daun sempit,60,94,414,354
IMG20250119170744.jpg,4080,3072,Gulma daun sempit,1813,1107,2180,1511
IMG20250119164410.jpg,4080,3072,Gulma teki-tekian,1275,2469,2023,2945
IMG20250119170548.jpg,3072,4080,Gulma daun lebar,802,1490,1770,1902
IMG20250119170534.jpg,4080,3072,Gulma daun lebar,351,426,1737,2373
IMG20250119170534.jpg,4080,3072,Gulma daun sempit,1794,1,2451,1173
IMG20250119170251.jpg,4080,3072,Gulma daun lebar,3209,279,3537,722
IMG20250119170632.jpg,4080,3072,Gulma teki-tekian,1956,54,4080,1783
agri_0_3669.jpeg,512,512,Gulma daun lebar,35,111,512,383
IMG20250119170020.jpg,4080,3072,Gulma daun sempit,1266,497,1628,992
IMG20250119170132.jpg,4080,3072,Gulma daun lebar,2780,1694,3009,2039
IMG20250119170525.jpg,4080,3072,Gulma daun lebar,1456,40,3751,1016
agri_0_4355.jpeg,512,512,Gulma daun sempit,118,101,155,128
IMG20250119170705.jpg,3072,4080,Gulma daun sempit,1208,226,1916,1130
IMG20250119170132.jpg,4080,3072,Gulma daun lebar,3114,2179,3842,2488
IMG20250119170600.jpg,4080,3072,Gulma daun sempit,2161,2630,3270,3072
agri_0_3160.jpeg,512,512,Gulma daun lebar,194,142,345,277
agri_0_4326.jpeg,512,512,Gulma daun lebar,1,139,435,418
IMG20250119170548.jpg,3072,4080,Gulma daun lebar,1439,2859,1995,3584
agri_0_4467.jpeg,512,512,Gulma daun lebar,1,6,504,512
IMG20250119170511.jpg,3072,4080,Gulma daun lebar,2616,663,3072,1905
IMG20250119170231.jpg,3072,4080,Gulma teki-tekian,1245,1640,1808,2177
IMG20250119164518.jpg,3072,4080,Gulma daun lebar,493,530,685,788
agri_0_4276.jpeg,512,512,Gulma daun lebar,26,120,418,512
agri_0_4301.jpeg,512,512,Gulma daun lebar,203,1,250,51
IMG20250119170306.jpg,3072,4080,Gulma daun lebar,650,134,1304,1272
IMG20250119170525.jpg,4080,3072,Gulma daun sempit,3764,1577,4080,1884
IMG20250119170530.jpg,4080,3072,Gulma teki-tekian,837,1545,2075,3072
IMG20250119170109.jpg,3072,4080,Gulma daun sempit,1145,2102,1845,3927
IMG20250119170814.jpg,4080,3072,Gulma daun sempit,1,1,4018,1397
IMG20250119170132.jpg,4080,3072,Gulma daun lebar,2337,2421,3123,3072
IMG20250119170509.jpg,3072,4080,Gulma daun sempit,2624,2799,3072,3716
IMG20250119170351.jpg,3072,4080,Gulma daun sempit,370,1430,654,2614
IMG20250119170749.jpg,3072,4080,Gulma daun sempit,1335,268,1499,652
IMG20250119170709.jpg,3072,4080,Gulma daun sempit,1847,661,2174,891
Crabgrass_42.jpg,256,256,Gulma teki-tekian,1,1,256,256
agri_0_4312.jpeg,512,512,Gulma daun lebar,21,164,377,398
IMG20250119165736.jpg,4080,3072,Gulma daun lebar,2667,2406,3144,2874
agri_0_4010.jpeg,512,512,Gulma daun lebar,138,80,449,377
agri_0_4383.jpeg,512,512,Gulma daun lebar,286,190,343,288
agri_0_4058.jpeg,512,512,Gulma daun lebar,41,54,493,387
IMG20250119170002.jpg,4080,3072,Gulma daun sempit,19,26,4047,3026
IMG20250119170147.jpg,3072,4080,Gulma daun lebar,704,3680,993,3918
IMG20250119170034.jpg,3072,4080,Gulma daun sempit,921,2485,1105,2707
agri_0_3985.jpeg,512,512,Gulma daun lebar,144,159,402,361
IMG20250119165917.jpg,4080,3072,Gulma daun sempit,3199,1807,3613,2340
agri_0_4002.jpeg,512,512,Gulma daun lebar,202,216,236,280
IMG20250119170036.jpg,3072,4080,Gulma daun lebar,2450,484,3064,715
agri_0_6110.jpeg,512,512,Gulma daun sempit,74,109,436,370
IMG20250119170709.jpg,3072,4080,Gulma daun sempit,2427,1922,2766,2157
IMG20250119170546.jpg,3072,4080,Gulma daun lebar,485,1241,2070,2337
agri_0_3778.jpeg,512,512,Gulma daun lebar,193,185,387,418
21.png,93,93,Gulma daun sempit,1,1,93,93
IMG20250119165741.jpg,4080,3072,Gulma daun lebar,613,1705,701,1762
agri_0_4014.jpeg,512,512,Gulma daun lebar,63,80,512,452
IMG20250119170142.jpg,4080,3072,Gulma daun lebar,3812,2819,3951,3072
agri_0_4964.jpeg,512,512,Gulma daun sempit,376,18,512,135
Goosegrass_2.jpg,256,256,Gulma teki-tekian,1,1,256,226
IMG20250119170613.jpg,4080,3072,Gulma daun lebar,2938,623,3154,1048
Goosegrass_45.jpg,256,256,Gulma teki-tekian,12,5,256,256
IMG20250119165758.jpg,4080,3072,Gulma daun lebar,12,2245,147,2584
agri_0_2894.jpeg,512,512,Gulma daun lebar,1,1,512,512
agri_0_3439.jpeg,512,512,Gulma daun lebar,265,191,308,230
Crabgrass_41.jpg,256,256,Gulma teki-tekian,2,5,256,256
Goosegrass_26.jpg,256,256,Gulma teki-tekian,1,1,256,256
agri_0_3471.jpeg,512,512,Gulma daun lebar,196,303,306,415
Crabgrass_16.jpg,256,256,Gulma teki-tekian,2,1,255,256
IMG20250119170709.jpg,3072,4080,Gulma daun sempit,266,576,650,953
IMG20250119170109.jpg,3072,4080,Gulma daun sempit,2089,1,2577,327
IMG20250119165747.jpg,4080,3072,Gulma daun sempit,1432,1559,1699,1816
agri_0_4301.jpeg,512,512,Gulma daun lebar,360,181,408,211
IMG20250119170738.jpg,4080,3072,Gulma daun sempit,2935,1284,3454,1926
agri_0_4216.jpeg,512,512,Gulma daun lebar,1,146,53,315
IMG20250119164438.jpg,4080,3072,Gulma teki-tekian,3451,2449,4047,3035
agri_0_4540.jpeg,512,512,Gulma daun lebar,1,133,445,480
agri_0_4383.jpeg,512,512,Gulma daun lebar,83,489,127,512
28.png,178,178,Gulma daun sempit,1,52,178,131
Crabgrass_50.jpg,256,256,Gulma teki-tekian,4,4,237,256
agri_0_3509.jpeg,512,512,Gulma daun lebar,1,142,173,380
agri_0_3862.jpeg,512,512,Gulma daun lebar,37,1,494,512
IMG20250119165927.jpg,4080,3072,Gulma daun sempit,1085,21,4056,1635
IMG20250119165917.jpg,4080,3072,Gulma daun sempit,2775,326,3251,973
Goosegrass_8.jpg,256,256,Gulma teki-tekian,58,1,212,218
Crabgrass_28.jpg,256,256,Gulma teki-tekian,30,20,216,200
agri_0_2863.jpeg,512,512,Gulma daun sempit,266,117,318,252
63.png,1816,1816,Gulma daun sempit,1370,10,1816,210
IMG20250119165917.jpg,4080,3072,Gulma daun sempit,1228,226,1447,669
150.png,1620,1620,Gulma daun sempit,471,7,1026,1475
IMG20250119165741.jpg,4080,3072,Gulma daun sempit,1,155,3151,1584
agri_0_2971.jpeg,512,512,Gulma daun lebar,55,164,105,191
IMG20250119170709.jpg,3072,4080,Gulma daun sempit,954,7,1204,218
agri_0_3439.jpeg,512,512,Gulma daun lebar,1,486,30,508
agri_0_3061.jpeg,512,512,Gulma daun lebar,340,56,386,87
agri_0_3564.jpeg,512,512,Gulma daun lebar,391,1,484,63
agri_0_3439.jpeg,512,512,Gulma daun lebar,153,376,217,472
agri_0_4116.jpeg,512,512,Gulma daun lebar,80,68,444,432
IMG20250119170709.jpg,3072,4080,Gulma daun sempit,1335,3707,2804,4080
IMG20250119170025.jpg,3072,4080,Gulma daun lebar,1739,1868,2039,2199
IMG20250119165949.jpg,4080,3072,Gulma daun lebar,13,1840,732,3049
IMG20250119170654.jpg,3072,4080,Gulma daun sempit,164,321,552,1009
agri_0_4323.jpeg,512,512,Gulma daun lebar,1,1,511,511
IMG20250119170020.jpg,4080,3072,Gulma daun sempit,822,2261,1534,2800
IMG20250119170402.jpg,3072,4080,Gulma teki-tekian,1270,2052,3072,3334
agri_0_3971.jpeg,512,512,Gulma daun lebar,40,1,480,512
175.png,180,180,Gulma daun sempit,37,3,138,171
114.png,154,154,Gulma daun sempit,1,53,154,109
IMG20250119170034.jpg,3072,4080,Gulma daun sempit,1685,377,2607,1791
IMG20250119165917.jpg,4080,3072,Gulma daun sempit,3742,7,4080,535
agri_0_3823.jpeg,512,512,Gulma daun lebar,1,173,105,442
agri_0_3439.jpeg,512,512,Gulma daun lebar,1,252,28,280
agri_0_2835.jpeg,512,512,Gulma daun lebar,266,469,300,512
Crabgrass_13.jpg,256,256,Gulma teki-tekian,2,5,256,252
agri_0_2915.jpeg,512,512,Gulma daun lebar,124,263,489,470
Crabgrass_39.jpg,256,256,Gulma teki-tekian,1,1,235,256
IMG20250119165937.jpg,4080,3072,Gulma teki-tekian,1694,1621,2032,1988
Goosegrass_33.jpg,256,256,Gulma teki-tekian,60,42,209,216
agri_0_3230.jpeg,512,512,Gulma daun lebar,90,487,195,512
agri_0_4508.jpeg,512,512,Gulma daun lebar,144,19,476,511
agri_0_3081.jpeg,512,512,Gulma daun lebar,1,210,156,294
IMG20250119165741.jpg,4080,3072,Gulma teki-tekian,1341,2061,1557,2216
IMG20250119170223.jpg,3072,4080,Gulma teki-tekian,2308,9,3070,890
IMG20250119170629.jpg,4080,3072,Gulma daun lebar,518,1040,1028,1754
agri_0_3720.jpeg,512,512,Gulma daun lebar,1,218,35,256
IMG20250119170833.jpg,4080,3072,Gulma daun sempit,389,1561,760,1865
Crabgrass_60.jpg,256,256,Gulma teki-tekian,2,2,256,256
agri_0_3057.jpeg,512,512,Gulma daun lebar,94,28,476,364
IMG20250119165013.jpg,4080,3072,Gulma teki-tekian,2812,2761,3051,3045
agri_0_2863.jpeg,512,512,Gulma daun sempit,254,239,427,366
94.png,120,120,Gulma daun sempit,4,1,106,113
agri_0_4659.jpeg,512,512,Gulma teki-tekian,9,79,504,424
agri_0_3492.jpeg,512,512,Gulma daun lebar,1,363,179,512
agri_0_4419.jpeg,512,512,Gulma daun lebar,1,23,462,507
IMG20250119170654.jpg,3072,4080,Gulma daun sempit,633,259,1095,665
IMG20250119170018.jpg,4080,3072,Gulma daun sempit,747,1358,1047,1674
agri_0_4016.jpeg,512,512,Gulma daun lebar,42,3,453,487
IMG20250119170534.jpg,4080,3072,Gulma daun sempit,2661,1992,3385,2278
IMG20250119165741.jpg,4080,3072,Gulma teki-tekian,1030,2079,1123,2195
IMG20250119165747.jpg,4080,3072,Gulma daun sempit,9,21,4080,1435
IMG20250119170534.jpg,4080,3072,Gulma daun lebar,1804,1221,3785,2002
IMG20250119170000.jpg,4080,3072,Gulma daun sempit,18,30,4056,1197
agri_0_2876.jpeg,512,512,Gulma teki-tekian,102,137,469,477
145.png,1671,1671,Gulma daun sempit,213,119,1670,1576
Crabgrass_24.jpg,256,256,Gulma teki-tekian,1,17,249,242
agri_0_3913.jpeg,512,512,Gulma daun sempit,80,1,164,50
IMG20250119170553.jpg,3072,4080,Gulma daun lebar,2339,3691,2781,3980
IMG20250119170613.jpg,4080,3072,Gulma teki-tekian,1360,1094,1805,1513
IMG20250119170831.jpg,4080,3072,Gulma daun sempit,3356,21,4070,240
IMG20250119170518.jpg,3072,4080,Gulma teki-tekian,1247,249,1497,641
201.png,292,292,Gulma daun sempit,21,1,117,232
IMG20250119170359.jpg,3072,4080,Gulma teki-tekian,2539,27,3072,1940
Goosegrass_50.jpg,256,256,Gulma teki-tekian,1,1,256,256
agri_0_4015.jpeg,512,512,Gulma daun lebar,67,169,421,498
IMG20250119170509.jpg,3072,4080,Gulma daun lebar,1160,582,2758,2480
Crabgrass_25.jpg,256,256,Gulma teki-tekian,1,1,256,256
agri_0_2971.jpeg,512,512,Gulma daun lebar,255,339,287,364
113.png,1209,1209,Gulma daun sempit,213,78,1209,735
agri_0_3160.jpeg,512,512,Gulma daun lebar,157,284,196,318
agri_0_4123.jpeg,512,512,Gulma daun lebar,20,1,476,512
agri_0_3439.jpeg,512,512,Gulma daun lebar,224,301,284,356
IMG20250119170300.jpg,4080,3072,Gulma daun lebar,9,1,870,830
agri_0_2825.jpeg,512,512,Gulma daun sempit,326,94,404,265
Crabgrass_83.jpg,256,256,Gulma teki-tekian,37,1,253,225
127.png,1135,1135,Gulma daun sempit,410,91,741,643
agri_0_4316.jpeg,512,512,Gulma daun lebar,157,227,406,415
IMG20250119170705.jpg,3072,4080,Gulma daun sempit,1493,2157,1916,2857
IMG20250119170020.jpg,4080,3072,Gulma daun sempit,12,287,241,890
IMG20250119170716.jpg,4080,3072,Gulma daun sempit,4,7,4028,1945
Crabgrass_75.jpg,256,256,Gulma teki-tekian,13,2,256,256
IMG20250119170156.jpg,4080,3072,Gulma daun sempit,18,40,4032,2783
IMG20250119170754.jpg,4080,3072,Gulma teki-tekian,2647,1969,3147,2440
agri_0_4014.jpeg,512,512,Gulma daun lebar,1,324,91,512
IMG20250119170808.jpg,4080,3072,Gulma daun sempit,13,1,4070,2530
agri_0_4383.jpeg,512,512,Gulma daun lebar,302,15,355,118
IMG20250119164438.jpg,4080,3072,Gulma teki-tekian,1428,2288,2237,3054
agri_0_2835.jpeg,512,512,Gulma daun lebar,366,308,414,359
IMG20250119164518.jpg,3072,4080,Gulma daun lebar,555,2980,810,3155
agri_0_4394.jpeg,512,512,Gulma daun lebar,14,42,489,460
IMG20250119170654.jpg,3072,4080,Gulma daun sempit,1539,1609,2252,2496
agri_0_3925.jpeg,512,512,Gulma daun lebar,7,1,508,509
IMG20250119165937.jpg,4080,3072,Gulma daun sempit,2151,10,3131,2058
agri_0_3741.jpeg,512,512,Gulma daun lebar,32,36,508,499
IMG20250119170749.jpg,3072,4080,Gulma daun sempit,2155,1293,2443,1599
Goosegrass_13.jpg,256,256,Gulma teki-tekian,25,22,206,208
agri_0_6092.jpeg,512,512,Gulma daun sempit,1,209,510,511
agri_0_2971.jpeg,512,512,Gulma daun lebar,476,415,493,432
128.png,723,723,Gulma daun sempit,370,494,711,723
IMG20250119170340.jpg,3072,4080,Gulma daun lebar,2081,1941,2366,2449
agri_0_3720.jpeg,512,512,Gulma daun lebar,111,201,170,258
IMG20250119170034.jpg,3072,4080,Gulma daun sempit,1480,2560,1930,3030
agri_0_3061.jpeg,512,512,Gulma daun lebar,135,75,176,139
IMG20250119164421.jpg,4080,3072,Gulma teki-tekian,2218,2621,2713,3030
IMG20250119170040.jpg,3072,4080,Gulma teki-tekian,2255,3649,2652,3893
agri_0_3439.jpeg,512,512,Gulma daun lebar,171,242,231,277
Crabgrass_51.jpg,256,256,Gulma teki-tekian,49,25,256,200
IMG20250119170548.jpg,3072,4080,Gulma daun lebar,1989,2152,2364,2340
IMG20250119170709.jpg,3072,4080,Gulma daun sempit,1431,334,1631,714
agri_0_3233.jpeg,512,512,Gulma daun lebar,9,98,475,449
Crabgrass_19.jpg,256,256,Gulma teki-tekian,1,6,256,256
IMG20250119170331.jpg,4080,3072,Gulma daun sempit,3557,2577,4080,3065
60.png,351,351,Gulma daun sempit,1,153,260,351
Goosegrass_27.jpg,256,256,Gulma teki-tekian,1,1,245,246
IMG20250119170018.jpg,4080,3072,Gulma daun lebar,1185,1042,1925,2332
IMG20250119170525.jpg,4080,3072,Gulma daun lebar,2604,2902,2856,3072
198.png,430,430,Gulma daun sempit,123,1,296,430
IMG20250119170613.jpg,4080,3072,Gulma teki-tekian,551,1135,996,1516
agri_0_3229.jpeg,512,512,Gulma daun lebar,50,201,97,241
IMG20250119170105.jpg,3072,4080,Gulma daun lebar,2258,3427,2483,3627
agri_0_3720.jpeg,512,512,Gulma daun lebar,297,145,332,171
54.png,253,253,Gulma daun sempit,85,2,226,253
IMG20250119170833.jpg,4080,3072,Gulma daun sempit,909,1116,1567,1606
IMG20250119165903.jpg,4080,3072,Gulma daun lebar,2099,2831,2153,2882
IMG20250119165955.jpg,4080,3072,Gulma daun lebar,1539,1355,1733,1642
IMG20250119170018.jpg,4080,3072,Gulma daun sempit,1015,2387,1264,2645
IMG20250119170251.jpg,4080,3072,Gulma daun sempit,70,1726,2051,3072
Goosegrass_17.jpg,256,256,Gulma teki-tekian,1,1,256,207
IMG20250119170603.jpg,4080,3072,Gulma daun sempit,1756,21,4080,2478
IMG20250119170018.jpg,4080,3072,Gulma daun sempit,770,1981,970,2245
